Order Date,Region,Category,Units,Unit Price,Discount,Revenue
2024-01-01,South,Clothing,27,33.84,0.2,730.94
2024-01-01,West,Clothing,26,46.06,,1138.14
2024-01-01,,Clothing,7,36.79,0.05,244.85
2024-01-02,West,Grocery,3,8.79,0.05,25.08
2024-01-02,North,Furniture,27,211.49,0.0,5719.37
2024-01-03,South,Clothing,9,37.68,0.1,305.82
2024-01-03,East,Grocery,9,9.38,0.2,67.7
2024-01-03,South,Clothing,25,46.12,0.1,1040.61
2024-01-04,South,Clothing,23,33.95,0.0,783.35
2024-01-04,North,Clothing,21,34.05,0.1,645.86
2024-01-05,East,Furniture,13,208.89,0.05,2590.12
2024-01-05,South,Electronics,28,340.56,0.0,9577.66
2024-01-06,North,Clothing,27,45.19,0.0,1225.99
2024-01-06,East,Electronics,25,320.02,0.0,8042.13
2024-01-06,North,Furniture,28,212.98,0.05,5697.01
2024-01-07,South,Electronics,7,290.61,0.1,1841.84
2024-01-07,North,Furniture,16,202.95,0.1,2941.2
2024-01-08,South,Electronics,13,332.93,0.1,3921.79
2024-01-08,North,Grocery,24,7.8,0.05,179.12
2024-01-08,North,Furniture,29,165.02,0.0,4821.97
2024-01-09,East,Grocery,22,6.77,0.05,142.63
2024-01-09,North,Electronics,21,354.35,0.2,6003.12
2024-01-10,South,Furniture,24,202.98,0.2,3931.53
2024-01-10,West,Clothing,24,43.89,0.2,850.45
2024-01-11,West,Furniture,15,162.11,0.05,27987.120000000003
2024-01-11,East,Clothing,3,45.12,0.2,109.37
2024-01-11,South,Furniture,12,158.13,0.1,1725.58
2024-01-12,North,Furniture,28,189.74,0.1,4833.12
2024-01-12,North,Electronics,8,259.46,0.1,1889.05
2024-01-13,,Electronics,16,294.32,0.0,4763.78
2024-01-13,South,Grocery,22,8.36,0.05,176.82
2024-01-13,North,Clothing,5,43.51,0.2,176.2
2024-01-14,South,Grocery,27,9.34,0.1,229.87
2024-01-14,East,Electronics,17,354.94,0.1,5502.31
2024-01-15,South,Clothing,19,44.17,0.1,765.59
2024-01-15,West,Electronics,27,245.4,0.2,5374.9
2024-01-16,North,Grocery,17,7.64,0.2,105.4
2024-01-16,South,Grocery,16,8.72,0.1,127.43
2024-01-16,South,Electronics,1,344.19,0.2,279.54
2024-01-17,North,Grocery,29,6.47,0.0,190.56
2024-01-17,South,Electronics,1,287.94,,263.3
2024-01-18,,Electronics,27,352.23,0.0,9666.28
2024-01-18,South,Clothing,22,46.84,0.2,838.24
2024-01-18,North,Clothing,15,46.15,0.0,704.16
2024-01-19,East,Electronics,4,258.38,0.0,1051.72
2024-01-19,South,Electronics,29,278.64,,6580.89
2024-01-20,South,Grocery,13,9.37,0.0,124.05
2024-01-20,East,Clothing,23,46.72,,875.82
2024-01-21,North,Clothing,11,47.42,0.05,505.06
2024-01-21,East,Clothing,8,43.2,0.0,352.38
2024-01-21,East,Furniture,15,195.13,,2836.25
2024-01-22,East,Clothing,3,36.04,0.1,99.29
2024-01-22,North,Clothing,5,43.37,0.2,177.09
2024-01-23,East,Grocery,1,7.24,0.05,7.02
2024-01-23,North,Electronics,23,341.04,0.1,7212.12
2024-01-23,North,Clothing,16,41.68,,545.25
2024-01-24,West,Grocery,14,7.31,0.05,99.4
2024-01-24,West,Electronics,22,257.83,0.2,4641.34
2024-01-25,West,Electronics,12,254.92,0.0,3130.06
2024-01-25,South,Grocery,4,6.89,0.05,26.8
2024-01-26,North,Grocery,19,9.33,0.05,172.45
2024-01-26,North,Furniture,6,170.55,0.05,995.87
2024-01-26,South,Grocery,16,8.21,0.1,121.16
2024-01-27,East,Clothing,29,34.35,0.2,817.02
2024-01-27,East,Electronics,14,347.61,0.2,3992.97
2024-01-28,North,Furniture,24,215.42,0.05,5039.36
2024-01-28,North,Furniture,21,181.06,0.05,3707.57
2024-01-28,South,Grocery,10,9.44,0.2,77.55
2024-01-29,East,Clothing,7,47.52,0.2,273.36
2024-01-29,West,Electronics,28,321.08,,7390.83
2024-01-30,North,Furniture,18,154.29,0.0,2855.03
2024-01-30,South,Furniture,14,191.53,0.0,2757.62
2024-01-31,West,Grocery,16,6.98,0.1,103.41
2024-01-31,South,Furniture,8,208.46,0.05,1630.59
2024-01-31,South,Grocery,20,9.25,0.05,180.96
2024-02-01,North,Clothing,11,34.89,0.2,316.25
2024-02-01,East,Furniture,21,169.47,0.1,3300.42
2024-02-02,West,Grocery,8,8.59,0.0,70.84
2024-02-02,East,Clothing,14,35.84,0.2,413.94
2024-02-02,West,Furniture,21,204.67,0.1,3990.58
2024-02-03,East,Electronics,5,300.89,0.05,1474.99
2024-02-03,North,Furniture,11,190.6,0.05,2056.35
2024-02-04,East,Electronics,2,294.6,0.05,578.11
2024-02-04,North,Clothing,17,44.93,0.2,631.35
2024-02-05,East,Electronics,18,334.97,0.1,5608.97
2024-02-05,North,Electronics,18,336.51,0.2,5010.61
2024-02-05,East,Clothing,17,37.84,0.1,598.88
2024-02-06,North,Clothing,15,37.72,0.2,468.4
2024-02-06,North,Grocery,18,7.18,0.05,127.1
2024-02-07,North,Furniture,14,208.77,0.1,2724.21
2024-02-07,East,Furniture,24,152.46,0.2,3032.68
2024-02-07,North,Clothing,11,37.69,0.2,343.75
2024-02-08,North,Grocery,8,6.51,0.2,43.2
2024-02-08,North,Clothing,7,42.49,0.05,293.08
2024-02-09,North,Grocery,1,9.47,0.05,9.33
2024-02-09,South,Clothing,3,40.57,0.1,113.7
2024-02-10,North,Electronics,18,244.18,0.05,4335.92
2024-02-10,South,Furniture,21,169.39,0.0,3695.3
2024-02-10,North,Electronics,7,319.41,0.05,2207.4
2024-02-11,East,Electronics,1,259.38,0.05,256.18
2024-02-11,,Furniture,6,181.42,0.05,1075.49
2024-02-12,South,Electronics,22,280.52,0.1,5778.84
2024-02-12,West,Grocery,2,6.54,0.0,13.61
2024-02-12,South,Clothing,22,44.53,0.2,816.04
2024-02-13,East,Furniture,24,164.88,0.05,3915.75
2024-02-13,North,Electronics,24,261.76,0.0,6546.27
2024-02-14,South,Electronics,4,318.89,0.1,1196.71
2024-02-14,North,Electronics,19,292.81,0.05,5511.58
2024-02-15,West,Grocery,7,7.44,0.05,51.61
2024-02-15,North,Furniture,28,151.4,,4424.15
2024-02-15,North,Clothing,9,47.8,0.05,426.68
2024-02-16,North,Furniture,12,186.72,0.0,2340.19
2024-02-16,North,Grocery,23,7.82,0.1,169.13
2024-02-17,East,Clothing,14,41.39,0.05,575.39
2024-02-17,East,Clothing,22,39.25,0.1,812.61
2024-02-17,North,Furniture,9,200.83,0.05,1796.14
2024-02-18,North,Clothing,22,45.86,0.0,1055.77
2024-02-18,South,Furniture,1,165.75,0.0,173.51
2024-02-19,East,Grocery,24,9.38,0.1,212.18
2024-02-19,South,Clothing,13,36.72,0.0,500.1
2024-02-20,South,Clothing,7,42.18,0.2,247.55
2024-02-20,East,Clothing,15,47.09,0.1,666.5
2024-02-20,East,Clothing,13,43.16,0.1,529.63
2024-02-21,North,Electronics,14,246.45,0.2,2896.13
2024-02-21,South,Grocery,12,8.39,0.1,95.11
2024-02-22,North,Clothing,2,45.7,0.0,95.97
2024-02-22,North,Electronics,4,246.31,0.05,983.18
2024-02-22,North,Grocery,5,7.04,0.2,29.59
2024-02-23,North,Furniture,2,173.53,0.05,346.6
2024-02-23,North,Grocery,8,7.65,0.05,61.14
2024-02-24,North,Furniture,28,214.61,0.1,5689.58
2024-02-24,South,Grocery,12,6.67,0.05,80.03
2024-02-25,West,Clothing,4,34.83,0.2,117.34
2024-02-25,East,Furniture,6,189.59,0.2,958.48
2024-02-25,East,Furniture,20,152.08,0.05,3044.5
2024-02-26,East,Grocery,11,8.38,0.05,92.3
2024-02-26,South,Clothing,13,42.1,0.2,461.67
2024-02-27,West,Electronics,9,306.26,0.0,2907.49
2024-02-27,East,Clothing,24,38.75,0.1,883.23
2024-02-27,South,Furniture,4,177.76,0.2,600.48
2024-02-28,North,Clothing,4,37.92,0.1,144.16
2024-02-28,South,Electronics,26,286.5,0.0,7869.4
2024-02-29,North,Grocery,5,7.51,0.05,37.7
2024-02-29,North,Clothing,18,36.89,,631.82
2024-03-01,South,Grocery,16,6.95,0.2,94.09
2024-03-01,East,Clothing,29,41.0,0.1,1132.21
2024-03-01,North,Furniture,21,187.67,0.1,3754.24
2024-03-02,East,Clothing,18,40.72,0.0,776.09
2024-03-02,South,Furniture,19,180.58,0.2,2907.42
2024-03-03,North,Electronics,18,337.31,0.2,5146.95
2024-03-03,West,Grocery,18,9.32,0.2,142.27
2024-03-03,South,Grocery,11,6.6,0.1,69.29
2024-03-04,North,Grocery,21,7.7,0.2,137.23
2024-03-04,East,Furniture,24,177.86,0.0,4530.06
2024-03-05,North,Electronics,28,251.88,0.0,7487.37
2024-03-05,East,Clothing,14,37.33,0.1,499.54
2024-03-06,North,Electronics,13,290.13,0.1,3606.48
2024-03-06,North,Grocery,24,6.53,0.05,158.24
2024-03-06,North,Clothing,3,38.92,0.0,124.14
2024-03-07,East,Grocery,14,6.73,0.05,95.21
2024-03-07,North,Grocery,5,7.7,0.05,38.92
2024-03-08,West,Clothing,22,35.18,0.1,741.45
2024-03-08,South,Furniture,2,151.33,0.1,290.06
2024-03-08,East,Clothing,20,33.03,0.0,703.7
2024-03-09,South,Grocery,28,8.05,0.0,240.2
2024-03-09,North,Electronics,12,240.35,0.2,2459.75
2024-03-10,North,Furniture,2,172.6,0.05,349.73
2024-03-10,West,Furniture,3,148.34,0.1,427.29
2024-03-11,North,Clothing,20,43.02,0.05,872.34
2024-03-11,West,Grocery,7,8.48,0.1,57.04
2024-03-11,East,Furniture,24,155.05,0.1,3576.97
2024-03-12,North,Clothing,13,37.82,0.2,420.25
2024-03-12,South,Furniture,26,196.12,0.05,5177.66
2024-03-13,North,Clothing,14,34.05,0.2,407.77
2024-03-13,North,Grocery,6,9.0,0.0,57.76
2024-03-13,South,Clothing,7,42.58,0.2,255.15
2024-03-14,North,Furniture,16,211.78,0.1,3264.47
2024-03-14,South,Furniture,8,187.33,0.05,1524.57
2024-03-15,West,Grocery,25,6.54,0.1,157.63
2024-03-15,North,Grocery,10,7.71,0.1,74.36
2024-03-16,East,Grocery,7,8.6,0.1,58.08
2024-03-16,South,Furniture,16,177.78,0.1,2745.5
2024-03-16,North,Furniture,8,170.77,0.0,1465.68
2024-03-17,West,Electronics,3,270.07,0.1,782.6
2024-03-17,North,Furniture,7,193.67,0.0,1455.54
2024-03-18,North,Clothing,12,34.49,0.2,355.62
2024-03-18,West,Electronics,16,331.63,0.1,5131.0
2024-03-18,North,Electronics,20,273.72,0.05,5589.95
2024-03-19,East,Grocery,25,8.25,0.1,199.59
2024-03-19,South,Grocery,25,9.35,0.1,226.29
2024-03-20,East,Grocery,23,8.3,0.05,195.15
2024-03-20,South,Clothing,15,45.9,0.1,667.02
2024-03-21,North,Electronics,7,250.73,0.05,1795.49
2024-03-21,East,Electronics,28,301.24,0.0,9086.31
2024-03-21,North,Clothing,14,42.47,0.0,640.75
2024-03-22,South,Electronics,22,259.48,0.2,4923.3
2024-03-22,North,Electronics,13,323.54,0.1,4082.39
2024-03-23,South,Clothing,23,42.55,0.1,950.24
2024-03-23,North,Furniture,23,177.04,0.2,3515.7
2024-03-23,North,Electronics,4,335.31,0.0,1448.07
2024-03-24,South,Grocery,11,6.41,0.05,72.35
2024-03-24,North,Electronics,15,351.41,0.0,5695.23
2024-03-25,East,Electronics,18,250.92,0.0,4881.74
2024-03-25,South,Furniture,2,199.46,0.0,431.33
2024-03-26,West,Clothing,22,34.5,0.1,738.88
2024-03-26,East,Furniture,20,144.85,0.05,2977.98
2024-03-26,South,Electronics,15,311.67,0.0,5060.53
2024-03-27,North,Grocery,10,8.16,0.0,88.36
2024-03-27,East,Grocery,4,8.78,0.2,30.44
2024-03-28,North,Electronics,26,343.38,0.2,7739.8
2024-03-28,North,Grocery,3,7.89,0.05,24.38
2024-03-28,West,Grocery,4,8.08,,28.04
2024-03-29,South,Electronics,21,310.57,0.0,7075.4
2024-03-29,East,Furniture,3,168.02,0.05,519.68
2024-03-30,South,Clothing,10,44.82,0.2,389.27
2024-03-30,South,Grocery,12,8.84,0.1,103.69
2024-03-31,North,Furniture,12,155.43,0.0,2026.42
2024-03-31,North,Electronics,5,322.87,0.05,1666.84
2024-03-31,East,Clothing,21,35.43,0.0,808.95
2024-04-01,South,Electronics,16,274.1,0.0,4770.03
2024-04-01,North,Electronics,20,308.91,0.05,6386.13
2024-04-02,West,Furniture,13,175.69,0.05,2361.71
2024-04-02,North,Grocery,25,8.25,0.2,179.66
2024-04-02,South,Electronics,1,268.37,0.1,263.09
2024-04-03,North,Clothing,23,44.14,0.1,995.62
2024-04-03,East,Furniture,8,152.03,0.1,1193.2
2024-04-04,North,Clothing,17,32.12,0.2,476.35
2024-04-04,North,Grocery,5,7.06,0.1,34.66
2024-04-05,North,Clothing,11,40.04,0.05,456.6
2024-04-05,North,Grocery,6,9.12,0.05,56.75
2024-04-05,North,Furniture,10,168.47,0.05,1747.81
2024-04-06,South,Electronics,29,250.5,0.2,6348.95
2024-04-06,South,Grocery,19,9.56,0.2,158.81
2024-04-07,West,Furniture,17,193.14,0.2,2871.68
2024-04-07,West,Clothing,6,36.53,0.0,239.71
2024-04-07,East,Furniture,23,160.4,0.0,4036.22
2024-04-08,East,Electronics,3,258.0,0.0,847.11
2024-04-08,East,Electronics,12,253.39,0.0,3329.13
2024-04-09,West,Clothing,6,43.5,0.0,285.86
2024-04-09,North,Furniture,6,152.33,0.1,901.27
2024-04-10,North,Clothing,18,42.87,0.05,803.5
2024-04-10,North,Electronics,10,288.26,0.2,2528.53
2024-04-10,North,Electronics,19,315.3,0.0,6570.99
2024-04-11,South,Electronics,21,284.14,0.05,6219.95
2024-04-11,North,Grocery,6,6.77,0.1,40.13
2024-04-12,North,Electronics,12,240.05,0.0,3163.09
2024-04-12,North,Grocery,11,9.07,0.1,98.63
2024-04-12,North,Furniture,1,203.52,0.05,212.46
2024-04-13,East,Clothing,1,34.08,0.2,29.97
2024-04-13,East,Grocery,17,7.28,0.05,129.29
2024-04-14,South,Furniture,21,176.79,0.1,3675.69
2024-04-14,North,Electronics,15,352.42,0.1,5235.66
2024-04-15,South,Clothing,8,37.87,0.2,266.81
2024-04-15,East,Grocery,20,8.19,0.05,171.37
2024-04-15,North,Grocery,17,6.43,0.2,96.34
2024-04-16,North,Furniture,1,148.27,0.1,147.06
2024-04-16,North,Clothing,25,43.81,0.0,1207.48
2024-04-17,North,Clothing,26,40.21,0.1,1037.7
2024-04-17,North,Electronics,4,247.88,0.1,984.52
2024-04-17,South,Grocery,14,8.71,0.1,121.12
2024-04-18,South,Electronics,24,264.38,0.1,6304.91
2024-04-18,West,Clothing,11,46.43,0.05,535.88
2024-04-19,North,Clothing,15,47.81,0.0,792.36
2024-04-19,North,Clothing,9,47.19,0.0,469.42
2024-04-20,East,Furniture,24,157.12,0.2,3335.48
2024-04-20,North,Clothing,25,41.48,0.1,1032.3
2024-04-20,,Grocery,18,9.21,0.05,174.26
2024-04-21,West,Grocery,8,8.4,0.2,59.51
2024-04-21,East,Electronics,12,248.11,0.1,2967.03
2024-04-22,North,Grocery,9,7.23,0.2,57.66
2024-04-22,North,Clothing,1,42.73,0.0,47.35
2024-04-22,North,Furniture,26,171.35,0.0,4938.36
2024-04-23,North,Grocery,14,6.92,0.05,102.06
2024-04-23,West,Furniture,14,184.72,0.1,2581.8
2024-04-24,South,Furniture,25,205.44,0.0,5699.28
2024-04-24,North,Electronics,2,321.65,0.05,678.4
2024-04-25,West,Furniture,24,163.01,0.2,3475.55
2024-04-25,South,Clothing,4,35.08,0.05,148.08
2024-04-25,North,Furniture,7,151.96,0.1,1063.88
2024-04-26,North,Electronics,22,272.98,0.1,6008.6
2024-04-26,South,Grocery,10,8.29,0.1,82.97
2024-04-27,North,Electronics,10,349.3,0.2,3108.7
2024-04-27,South,Electronics,6,272.24,0.0,1817.81
2024-04-27,South,Grocery,9,8.79,0.05,83.67
2024-04-28,North,Grocery,11,9.44,0.1,104.08
2024-04-28,East,Clothing,9,37.86,0.0,379.61
2024-04-29,East,Clothing,29,44.39,0.1,1291.21
2024-04-29,West,Clothing,29,47.88,0.05,1470.63
2024-04-30,East,Furniture,14,161.55,0.2,2017.94
2024-04-30,East,Grocery,15,8.15,0.05,129.57
2024-04-30,North,Electronics,7,345.03,0.2,2156.45
2024-05-01,North,Clothing,26,34.21,,794.45
2024-05-01,North,Clothing,8,33.21,0.2,237.39
2024-05-02,West,Furniture,24,189.96,0.1,4584.34
2024-05-02,South,Clothing,28,41.5,0.1,1168.87
2024-05-02,West,Clothing,23,46.51,0.1,1076.44
2024-05-03,North,Grocery,14,8.51,0.2,106.6
2024-05-03,East,Clothing,23,46.51,0.05,1137.05
2024-05-04,North,Grocery,25,8.07,0.2,180.65
2024-05-04,North,Electronics,9,315.14,0.1,2858.13
2024-05-05,North,Clothing,16,45.17,0.05,769.03
2024-05-05,South,Furniture,24,173.7,0.1,4203.95
2024-05-05,South,Furniture,24,173.23,0.05,4427.08
2024-05-06,South,Clothing,15,43.19,0.0,726.42
2024-05-06,South,Furniture,18,148.35,0.05,2845.46
2024-05-07,South,Electronics,6,295.44,0.2,1591.24
2024-05-07,West,Clothing,1,34.39,0.2,30.88
2024-05-07,South,Grocery,8,7.89,0.1,63.79
2024-05-08,East,Electronics,7,241.62,0.2,1519.88
2024-05-08,North,Electronics,16,246.12,0.0,4424.97
2024-05-09,North,Furniture,9,182.62,0.1,1662.77
2024-05-09,South,Grocery,14,7.38,0.1,104.56
2024-05-10,South,Electronics,26,324.66,0.05,9020.55
2024-05-10,North,Grocery,29,8.19,0.05,253.9
2024-05-10,North,Furniture,26,178.99,0.2,4190.91
2024-05-11,West,Clothing,18,45.73,0.0,926.92
2024-05-11,South,Furniture,11,147.55,0.1,1645.51
2024-05-12,South,Electronics,19,352.3,0.1,6788.72
2024-05-12,North,Clothing,11,33.35,,372.19
2024-05-12,North,Grocery,2,6.55,0.1,13.3
2024-05-13,North,Electronics,25,355.41,0.0,10023.32
2024-05-13,North,Furniture,2,155.68,0.1,316.23
2024-05-14,,Clothing,20,39.39,0.05,844.87
2024-05-14,North,Clothing,9,37.83,0.05,365.26
2024-05-15,North,Grocery,7,7.26,0.2,45.93
2024-05-15,North,Furniture,13,180.9,0.0,2657.62
2024-05-15,South,Grocery,5,9.22,0.0,52.12
2024-05-16,North,Electronics,27,290.92,0.0,8882.94
2024-05-16,North,Furniture,5,189.34,0.0,1070.99
2024-05-17,North,Grocery,2,9.46,0.05,20.34
2024-05-17,North,Grocery,23,7.84,0.0,204.14
2024-05-17,South,Electronics,21,279.04,0.05,6304.39
2024-05-18,East,Furniture,22,178.81,0.2,3565.26
2024-05-18,North,Electronics,19,335.62,0.05,6865.4
2024-05-19,North,Furniture,10,193.57,0.0,2194.48
2024-05-19,East,Grocery,8,9.48,0.05,81.71
2024-05-20,East,Electronics,18,280.57,0.0,5729.47
2024-05-20,North,Grocery,27,9.4,0.2,230.43
2024-05-20,East,Grocery,7,7.62,0.1,54.5
2024-05-21,East,Furniture,12,145.06,0.05,1878.07
2024-05-21,North,Electronics,18,317.33,0.2,5191.43
2024-05-22,South,Furniture,25,211.54,0.2,4808.27
2024-05-22,North,Furniture,6,161.17,0.0,1099.4
2024-05-22,North,Clothing,8,46.39,0.0,422.07
2024-05-23,South,Grocery,11,9.09,0.2,91.01
2024-05-23,South,Clothing,17,37.1,0.2,574.24
2024-05-24,South,Furniture,23,200.43,0.05,4985.91
2024-05-24,South,Clothing,23,37.21,0.2,779.76
2024-05-25,North,Electronics,2,315.19,0.2,574.55
2024-05-25,East,Furniture,26,179.99,0.1,4800.12
2024-05-25,North,Furniture,11,158.91,,1992.89
2024-05-26,West,Grocery,11,7.78,0.05,92.72
2024-05-26,South,Electronics,2,288.1,0.0,657.38
2024-05-27,North,Electronics,7,249.53,0.2,1594.81
2024-05-27,North,Clothing,29,46.06,0.05,1448.76
2024-05-27,South,Clothing,19,36.73,0.1,717.33
2024-05-28,,Electronics,3,278.67,0.2,764.11
2024-05-28,,Electronics,19,354.45,0.05,7312.04
2024-05-29,South,Furniture,5,172.62,0.05,937.44
2024-05-29,North,Furniture,2,172.49,0.2,315.64
2024-05-30,East,Electronics,21,340.97,0.05,7782.54
2024-05-30,North,Furniture,18,168.87,0.2,2783.1
2024-05-30,East,Furniture,17,212.62,0.1,3724.45
2024-05-31,East,Grocery,28,7.92,0.1,228.58
2024-05-31,West,Clothing,24,38.05,0.05,993.94
2024-06-01,East,Clothing,8,37.1,0.05,323.15
2024-06-01,North,Clothing,19,36.96,0.05,764.86
2024-06-01,,Furniture,19,214.19,0.0,4667.43
2024-06-02,South,Clothing,18,39.8,0.2,657.54
2024-06-02,South,Clothing,27,33.07,0.05,973.53
2024-06-03,North,Grocery,5,6.65,0.0,38.17
2024-06-03,East,Furniture,12,200.09,0.2,2206.11
2024-06-04,North,Electronics,16,347.85,0.1,5754.88
2024-06-04,North,Clothing,24,47.36,0.1,1175.71
2024-06-04,South,Grocery,14,6.63,0.1,96.04
2024-06-05,South,Electronics,26,270.27,0.05,7677.69
2024-06-05,North,Electronics,8,339.52,0.1,2812.45
2024-06-06,West,Furniture,2,203.27,0.2,374.31
2024-06-06,East,Grocery,5,9.04,0.2,41.63
2024-06-06,East,Furniture,9,156.39,0.05,1539.98
2024-06-07,North,Grocery,29,8.84,0.2,236.28
2024-06-07,West,Electronics,8,328.8,0.1,2728.39
2024-06-08,East,Grocery,8,9.29,0.1,77.12
2024-06-08,West,Electronics,27,293.5,0.2,7311.47
2024-06-09,North,Grocery,4,8.48,0.0,39.13
2024-06-09,South,Clothing,18,35.22,0.1,658.49
2024-06-09,North,Clothing,23,43.91,0.1,1049.37
2024-06-10,South,Electronics,4,242.01,0.1,1006.19
2024-06-10,North,Grocery,15,9.14,0.05,150.47
2024-06-11,North,Grocery,12,8.55,0.05,112.65
2024-06-11,South,Electronics,23,277.68,0.1,6645.26
2024-06-11,South,Electronics,8,263.98,0.2,1953.88
2024-06-12,North,Grocery,5,7.91,0.05,43.47
2024-06-12,West,Electronics,29,328.98,0.05,10489.12
2024-06-13,South,Electronics,8,351.33,0.1,2928.5
2024-06-13,North,Clothing,26,47.42,0.1,1285.07
2024-06-14,East,Furniture,3,182.92,0.1,572.17
2024-06-14,South,Electronics,25,275.72,0.0,7988.34
2024-06-14,North,Grocery,10,6.8,0.1,70.95
2024-06-15,North,Furniture,4,196.41,0.05,865.56
2024-06-15,West,Furniture,13,186.89,0.1,2536.7
2024-06-16,,Furniture,12,159.79,0.1,2002.72
2024-06-16,South,Furniture,12,182.54,0.1,2288.65
2024-06-16,North,Furniture,13,172.31,0.0,2601.36
2024-06-17,East,Electronics,6,335.29,0.2,1869.64
2024-06-17,North,Electronics,10,250.09,0.1,2615.68
2024-06-18,North,Electronics,10,262.97,0.05,2904.2
2024-06-18,South,Grocery,26,6.98,0.1,189.94
2024-06-19,South,Grocery,24,7.94,0.05,210.6
2024-06-19,North,Furniture,14,167.68,0.1,2458.65
2024-06-19,West,Clothing,8,41.48,0.2,309.04
2024-06-20,North,Electronics,23,298.3,0.1,7190.63
2024-06-20,South,Grocery,2,7.49,0.1,15.71
2024-06-21,North,Grocery,17,8.59,0.05,161.66
2024-06-21,North,Clothing,21,41.17,0.1,907.05
2024-06-21,North,Electronics,12,255.02,0.05,3390.15
2024-06-22,West,Furniture,8,171.12,0.05,1517.06
2024-06-22,East,Clothing,3,41.68,0.1,131.32
2024-06-23,West,Furniture,3,188.8,0.05,628.11
2024-06-23,North,Clothing,25,39.35,0.0,1148.74
2024-06-24,East,Grocery,20,7.0,0.2,130.83
2024-06-24,South,Clothing,14,45.27,0.05,703.55
2024-06-24,South,Electronics,29,303.27,0.0,10280.39
2024-06-25,East,Grocery,3,8.45,0.2,23.71
2024-06-25,North,Furniture,16,206.31,0.0,3861.18
2024-06-26,South,Electronics,14,245.51,0.0,4021.84
2024-06-26,North,Grocery,3,6.79,,23.84
2024-06-26,North,Electronics,2,327.66,0.05,728.96
2024-06-27,South,Furniture,25,151.36,0.1,3989.03
2024-06-27,North,Furniture,10,144.38,0.2,1353.38
2024-06-28,North,Electronics,4,357.32,0.05,1591.52
2024-06-28,South,Furniture,27,147.37,0.2,3732.34
2024-06-29,,Grocery,6,9.15,0.05,61.17
2024-06-29,East,Electronics,10,357.66,0.05,3986.66
2024-06-29,South,Electronics,18,286.83,0.1,5453.84
2024-06-30,South,Grocery,10,8.39,0.05,93.58
2024-06-30,West,Furniture,3,152.18,0.0,536.21
2024-07-01,North,Electronics,9,359.61,0.05,3612.48
2024-07-01,North,Clothing,2,46.32,,87.11
2024-07-01,North,Furniture,17,165.03,0.0,3298.49
2024-07-02,North,Grocery,8,6.64,0.1,56.23
2024-07-02,South,Clothing,15,44.41,0.05,744.55
2024-07-03,South,Grocery,19,9.6,0.05,203.94
2024-07-03,North,Electronics,12,257.71,0.2,2912.7
2024-07-04,East,Clothing,28,46.3,0.1,1374.11
2024-07-04,South,Grocery,25,9.16,0.2,215.83
2024-07-04,South,Clothing,14,35.38,0.05,554.56
2024-07-05,West,Furniture,14,157.19,0.1,2334.96
2024-07-05,West,Clothing,16,35.21,0.1,597.94
2024-07-06,North,Furniture,25,164.21,0.1,4358.74
2024-07-06,North,Electronics,28,290.49,0.2,7679.01
2024-07-06,West,Electronics,12,264.91,0.05,3565.14
2024-07-07,North,Clothing,13,37.13,0.2,456.01
2024-07-07,East,Furniture,11,185.29,0.1,2166.98
2024-07-08,North,Grocery,16,8.31,0.1,141.41
2024-07-08,North,Furniture,6,215.95,0.2,1225.34
2024-07-09,South,Grocery,12,6.89,0.05,92.88
2024-07-09,West,Clothing,2,46.35,0.05,104.17
2024-07-09,North,Grocery,16,7.18,0.2,108.75
2024-07-10,North,Electronics,17,264.78,0.2,4262.59
2024-07-10,East,Clothing,20,46.18,0.05,1038.97
2024-07-11,North,Furniture,11,185.18,0.2,1930.28
2024-07-11,North,Clothing,24,43.15,0.0,1227.11
2024-07-11,West,Furniture,5,208.62,0.1,1112.77
2024-07-12,North,Electronics,29,331.8,0.0,11409.27
2024-07-12,East,Grocery,16,8.81,0.2,133.76
2024-07-13,West,Furniture,18,168.29,0.1,3234.82
2024-07-13,East,Clothing,21,37.09,0.0,924.48
2024-07-14,East,Electronics,16,300.14,0.0,5701.82
2024-07-14,East,Clothing,19,38.21,0.05,819.16
2024-07-14,East,Grocery,17,7.01,0.0,141.59
2024-07-15,North,Furniture,1,196.61,0.05,221.99
2024-07-15,South,Grocery,10,8.88,0.2,84.46
2024-07-16,East,Furniture,11,209.8,0.05,2607.49
2024-07-16,,Grocery,2,8.49,0.1,18.18
2024-07-16,West,Grocery,20,8.04,0.2,153.1
2024-07-17,West,Furniture,22,169.84,0.05,4225.96
2024-07-17,North,Furniture,12,172.98,0.0,2472.08
2024-07-18,North,Electronics,26,338.73,0.05,9967.4
2024-07-18,South,Grocery,13,8.75,0.0,135.56
2024-07-19,West,Furniture,15,151.39,0.05,2571.79
2024-07-19,South,Clothing,23,41.48,0.05,1080.83
2024-07-19,North,Furniture,3,208.35,0.2,596.51
2024-07-20,North,Grocery,5,9.1,0.2,43.44
2024-07-20,North,Grocery,26,7.61,0.1,212.57
2024-07-21,East,Clothing,5,45.18,0.05,256.27
2024-07-21,North,Clothing,27,45.5,0.1,1320.73
2024-07-21,North,Grocery,23,8.38,0.2,184.25
2024-07-22,North,Clothing,3,46.03,0.2,132.05
2024-07-22,South,Grocery,27,6.87,0.05,210.71
2024-07-23,North,Clothing,24,46.99,0.05,1281.5
2024-07-23,West,Furniture,5,205.02,0.05,1165.24
2024-07-24,,Grocery,3,7.69,0.2,22.09
2024-07-24,South,Furniture,2,201.55,0.05,458.51
2024-07-24,East,Furniture,21,180.22,0.0,4532.96
2024-07-25,West,Grocery,24,8.93,0.0,256.78
2024-07-25,West,Electronics,12,279.06,0.05,3812.87
2024-07-26,North,Furniture,17,191.24,0.05,3702.93
2024-07-26,East,Furniture,3,149.03,0.05,509.4
2024-07-26,East,Grocery,8,9.54,,86.99
2024-07-27,South,Grocery,22,8.69,0.1,206.5
2024-07-27,North,Electronics,2,348.72,0.1,753.57
2024-07-28,North,Grocery,2,8.51,0.05,19.42
2024-07-28,East,Furniture,16,192.98,0.0,3709.34
2024-07-29,North,Electronics,3,348.09,0.1,1129.44
2024-07-29,North,Furniture,5,215.72,0.2,1037.3
2024-07-29,North,Furniture,22,170.78,0.0,4518.12
2024-07-30,East,Furniture,27,165.32,0.2,4295.58
2024-07-30,North,Furniture,4,198.13,0.1,858.3
2024-07-31,North,Electronics,27,297.81,0.1,8711.17
2024-07-31,North,Grocery,29,9.6,0.0,335.23
2024-07-31,North,Grocery,22,8.2,0.05,206.43
2024-08-01,East,Furniture,9,151.81,0.05,1563.98
2024-08-01,North,Clothing,29,32.7,,914.42
2024-08-02,East,Furniture,4,198.01,0.2,763.99
2024-08-02,South,Furniture,9,168.91,0.05,1741.88
2024-08-03,West,Electronics,18,273.23,0.05,5637.23
2024-08-03,East,Clothing,4,42.81,0.05,196.34
2024-08-03,South,Clothing,1,35.86,0.0,43.3
2024-08-04,South,Grocery,19,7.6,0.0,174.4
2024-08-04,South,Grocery,27,7.61,0.05,235.82
2024-08-05,West,Clothing,8,44.48,0.0,430.05
2024-08-05,North,Clothing,9,43.52,0.0,473.52
2024-08-05,South,Electronics,21,350.48,0.1,8010.75
2024-08-06,South,Furniture,16,164.11,,2541.19
2024-08-06,South,Electronics,3,359.53,0.05,1239.98
2024-08-07,South,Grocery,25,8.13,0.1,221.44
2024-08-07,South,Grocery,10,7.56,0.0,91.55
2024-08-08,South,Furniture,20,211.76,0.1,4617.24
2024-08-08,East,Clothing,20,34.83,0.05,801.89
2024-08-08,North,Grocery,28,9.47,0.05,305.34
2024-08-09,South,Clothing,28,32.35,0.05,1043.4
2024-08-09,East,Clothing,26,34.55,0.1,980.63
2024-08-10,,Electronics,3,304.92,0.05,1054.42
2024-08-10,North,Grocery,17,7.27,0.0,150.01
2024-08-10,West,Electronics,14,327.5,0.05,5288.5
2024-08-11,West,Electronics,16,311.07,0.1,5440.43
2024-08-11,West,Electronics,28,270.04,0.0,9186.33
2024-08-12,North,Electronics,22,294.08,0.2,6290.38
2024-08-12,East,Furniture,2,145.1,0.0,352.81
2024-08-13,West,Electronics,29,348.7,0.05,11683.11
2024-08-13,West,Clothing,14,32.82,0.0,558.98
2024-08-13,East,Furniture,16,166.95,0.05,3088.17
2024-08-14,East,Furniture,22,209.27,0.05,5324.35
2024-08-14,East,Grocery,6,8.06,0.05,55.95
2024-08-15,South,Clothing,14,40.72,0.0,694.44
2024-08-15,East,Clothing,17,42.39,0.1,790.31
2024-08-15,South,Furniture,25,194.36,0.1,5330.57
2024-08-16,North,Grocery,21,7.43,0.1,171.23
2024-08-16,North,Clothing,12,33.89,0.2,396.84
2024-08-17,West,Grocery,3,8.38,0.0,30.67
2024-08-17,East,Grocery,9,7.9,0.05,82.44
2024-08-18,North,Electronics,28,313.34,0.0,10712.01
2024-08-18,East,Electronics,1,354.79,0.05,411.66
2024-08-18,North,Grocery,29,8.22,0.2,232.99
2024-08-19,South,Clothing,15,35.14,0.2,515.36
2024-08-19,North,Furniture,13,168.26,0.0,2674.18
2024-08-20,North,Clothing,29,46.06,0.1,1470.19
2024-08-20,North,Furniture,29,162.79,0.2,4620.26
2024-08-20,North,Electronics,27,276.6,0.1,8225.28
2024-08-21,North,Electronics,28,353.18,0.2,9684.53
2024-08-21,North,Grocery,1,7.93,0.05,9.23
2024-08-22,North,Furniture,26,193.3,0.0,6156.35
2024-08-22,East,Electronics,1,352.02,0.2,345.08
2024-08-23,South,Electronics,4,342.89,0.2,1344.95
2024-08-23,North,Grocery,2,6.47,0.2,12.69
2024-08-23,South,Furniture,18,180.08,,3578.21
2024-08-24,South,Electronics,25,322.08,0.0,9879.41
2024-08-24,South,Furniture,6,153.93,0.1,1020.2
2024-08-25,North,Furniture,11,156.86,0.05,2012.51
2024-08-25,South,Furniture,12,199.82,0.0,2944.91
2024-08-25,West,Furniture,9,197.15,0.2,1743.91
2024-08-26,North,Clothing,13,47.72,0.0,762.39
2024-08-26,South,Clothing,22,32.91,0.0,890.08
2024-08-27,West,Furniture,20,147.64,0.05,3449.65
2024-08-27,North,Clothing,10,47.83,,529.54
2024-08-28,East,Grocery,10,8.66,0.1,95.91
2024-08-28,South,Electronics,12,251.72,0.1,3346.44
2024-08-28,East,Electronics,10,319.47,0.2,3147.05
2024-08-29,North,Grocery,21,8.47,0.1,197.18
2024-08-29,South,Electronics,29,322.34,0.2,9214.41
2024-08-30,North,Clothing,26,45.27,0.05,1378.2
2024-08-30,West,Electronics,4,327.67,0.05,1535.21
2024-08-30,West,Grocery,6,8.17,0.1,54.41
2024-08-31,South,Furniture,2,171.07,,379.91
2024-08-31,West,Electronics,6,263.78,0.1,1757.95
2024-09-01,East,Furniture,20,214.86,0.05,5039.88
2024-09-01,East,Furniture,6,176.2,0.1,1175.04
2024-09-02,West,Grocery,17,7.27,0.1,137.41
2024-09-02,North,Grocery,28,8.48,0.05,278.75
2024-09-02,West,Furniture,20,192.6,0.0,4761.68
2024-09-03,,Clothing,17,41.52,0.1,785.53
2024-09-03,,Clothing,28,46.04,0.05,1514.86
2024-09-04,North,Clothing,24,41.72,0.0,1238.94
2024-09-04,East,Electronics,13,285.83,0.05,4369.29
2024-09-04,North,Furniture,6,150.7,0.0,1119.54
2024-09-05,East,Clothing,13,33.93,0.2,437.05
2024-09-05,North,Grocery,26,7.98,0.0,257.06
2024-09-06,North,Furniture,26,162.8,0.1,4721.37
2024-09-06,North,Electronics,9,257.24,0.0,2870.24
2024-09-07,North,Grocery,29,9.06,0.0,325.84
2024-09-07,North,Grocery,18,7.85,0.05,166.53
2024-09-07,East,Electronics,22,327.42,0.1,8045.04
2024-09-08,West,Furniture,7,205.3,,1605.56
2024-09-08,North,Electronics,21,246.49,0.1,5784.94
2024-09-09,North,Grocery,15,9.46,0.0,176.26
2024-09-09,North,Grocery,1,8.17,0.2,8.12
2024-09-09,North,Furniture,22,167.75,0.1,4128.44
2024-09-10,South,Grocery,2,7.96,0.05,18.8
2024-09-10,North,Grocery,6,7.11,0.2,42.45
2024-09-11,South,Clothing,19,37.32,0.05,838.1
2024-09-11,West,Electronics,28,313.15,0.05,10366.95
2024-09-12,West,Clothing,12,35.1,0.05,498.16
2024-09-12,West,Furniture,25,176.43,0.1,4943.69
2024-09-12,West,Furniture,22,164.41,0.0,4505.95
2024-09-13,South,Grocery,21,8.89,0.2,186.12
2024-09-13,South,Furniture,6,161.28,0.05,1145.96
2024-09-14,North,Grocery,22,8.73,0.05,227.52
2024-09-14,North,Furniture,3,144.95,0.0,542.42
2024-09-14,South,Clothing,9,39.02,0.0,438.19
2024-09-15,West,Furniture,23,178.09,0.0,5112.57
2024-09-15,South,Electronics,3,288.74,0.0,1081.53
2024-09-16,North,Electronics,23,302.27,0.1,7814.77
2024-09-16,North,Clothing,10,45.52,0.0,568.71
2024-09-17,East,Electronics,15,302.75,0.2,4540.4
2024-09-17,North,Clothing,4,45.07,,214.11
2024-09-17,North,Clothing,6,43.67,0.0,327.67
2024-09-18,North,Electronics,10,263.53,0.2,2637.34
2024-09-18,South,Furniture,27,165.48,0.0,5591.06
2024-09-19,East,Electronics,23,258.92,0.1,6709.03
2024-09-19,North,Electronics,1,333.46,0.2,334.04
2024-09-19,South,Clothing,5,33.54,0.2,168.04
2024-09-20,South,Grocery,20,9.14,0.2,183.23
2024-09-20,South,Electronics,3,306.59,0.2,922.25
2024-09-21,South,Furniture,25,175.02,0.0,5485.87
2024-09-21,East,Grocery,24,8.2,0.1,222.14
2024-09-22,North,Grocery,2,8.12,0.2,16.3
2024-09-22,South,Grocery,28,8.38,,279.74
2024-09-22,North,Electronics,26,305.1,0.0,9958.35
2024-09-23,South,Grocery,12,7.38,0.05,105.65
2024-09-23,East,Electronics,18,347.83,0.05,7471.57
2024-09-24,West,Grocery,7,8.37,0.05,69.94
2024-09-24,South,Grocery,24,9.59,0.2,2777.2799999999997
2024-09-24,North,Furniture,26,153.4,0.0,5014.9
2024-09-25,South,Grocery,21,9.41,,198.84
2024-09-25,North,Electronics,2,315.09,0.1,713.59
2024-09-26,North,Clothing,22,42.86,0.0,1186.73
2024-09-26,South,Clothing,11,47.06,0.0,651.72
2024-09-27,East,Grocery,12,6.6,0.1,89.77
2024-09-27,West,Grocery,24,7.0,0.1,190.48
2024-09-27,West,Furniture,18,185.09,0.05,3988.5
2024-09-28,North,Clothing,22,36.77,0.1,917.76
2024-09-28,North,Electronics,6,241.97,0.2,1464.57
2024-09-29,North,Electronics,23,274.95,0.2,6381.39
2024-09-29,South,Clothing,10,43.05,0.1,488.87
2024-09-29,East,Electronics,14,321.9,0.05,5403.71
2024-09-30,North,Furniture,24,145.75,0.1,3974.84
2024-09-30,East,Clothing,21,37.17,0.2,788.67
2024-10-01,East,Grocery,26,9.14,0.1,270.21
2024-10-01,North,Electronics,9,318.33,0.2,2896.54
2024-10-02,South,Furniture,20,188.58,0.0,4767.97
2024-10-02,East,Furniture,26,214.11,0.05,6687.73
2024-10-02,West,Electronics,10,279.44,0.2,2827.88
2024-10-03,North,Furniture,23,149.99,0.1,3928.73
2024-10-03,East,Clothing,1,41.92,0.0,53.06
2024-10-04,East,Furniture,28,190.09,0.05,6402.29
2024-10-04,North,Furniture,20,183.46,0.2,3717.86
2024-10-04,North,Grocery,23,9.45,0.0,275.38
2024-10-05,West,Furniture,22,193.0,0.05,5112.22
2024-10-05,,Furniture,22,148.88,0.1,3737.19
2024-10-06,North,Grocery,10,8.47,0.05,102.04
2024-10-06,East,Clothing,6,33.06,0.05,239.05
2024-10-07,North,Furniture,12,185.07,0.0,2818.2
2024-10-07,South,Grocery,17,8.01,0.2,138.28
2024-10-07,North,Grocery,11,6.41,0.1,80.58
2024-10-08,South,Clothing,3,35.14,0.0,133.9
2024-10-08,South,Clothing,6,38.7,0.1,265.53
2024-10-09,South,Furniture,27,166.99,0.0,5730.51
2024-10-09,South,Grocery,29,6.83,0.0,251.82
2024-10-09,West,Grocery,24,8.37,0.05,242.7
2024-10-10,East,Electronics,9,353.19,,3639.51
2024-10-10,West,Electronics,16,244.69,0.05,4733.1
2024-10-11,South,Furniture,3,199.49,0.1,685.66
2024-10-11,East,Electronics,25,282.36,0.1,8089.92
2024-10-12,South,Clothing,16,36.35,0.0,740.83
2024-10-12,North,Electronics,26,335.26,0.2,8885.4
2024-10-12,East,Furniture,7,211.08,0.2,1506.62
2024-10-13,West,Clothing,11,47.71,0.05,635.67
2024-10-13,East,Clothing,19,46.93,0.1,1023.5
2024-10-14,North,Clothing,20,33.99,,693.82
2024-10-14,North,Electronics,6,241.36,0.2,1478.5
2024-10-14,East,Clothing,4,43.96,0.1,202.03
2024-10-15,East,Grocery,18,8.84,0.05,193.03
2024-10-15,West,Clothing,2,34.38,0.0,87.83
2024-10-16,North,Grocery,23,8.23,0.2,193.5
2024-10-16,West,Clothing,23,42.31,0.0,1243.84
2024-10-17,South,Grocery,9,7.62,0.05,83.3
2024-10-17,,Grocery,7,6.94,0.05,59.03
2024-10-17,North,Furniture,3,168.47,0.05,614.28
2024-10-18,West,Furniture,12,164.28,0.2,2018.34
2024-10-18,West,Clothing,25,32.12,0.05,976.59
2024-10-19,North,Electronics,15,273.09,0.0,5245.73
2024-10-19,North,Grocery,3,7.2,0.0,27.67
2024-10-19,East,Electronics,28,321.08,0.0,11519.98
2024-10-20,,Furniture,3,189.89,0.2,584.16
2024-10-20,North,Furniture,23,192.64,0.2,4544.81
2024-10-21,North,Grocery,24,7.34,0.2,180.75
2024-10-21,West,Clothing,16,41.51,0.2,681.69
2024-10-22,North,Furniture,2,152.67,0.0,391.87
2024-10-22,North,Furniture,24,199.05,0.2,4906.33
2024-10-22,East,Furniture,4,211.68,0.05,1032.98
2024-10-23,North,Furniture,8,199.09,0.1,1841.39
2024-10-23,East,Electronics,29,327.76,0.2,9771.11
2024-10-24,North,Furniture,3,185.17,0.2,571.24
2024-10-24,North,Clothing,4,44.2,0.1,204.59
2024-10-24,North,Clothing,8,39.43,0.0,405.72
2024-10-25,North,Clothing,20,36.12,0.05,882.96
2024-10-25,North,Grocery,18,8.89,0.1,185.35
2024-10-26,West,Clothing,7,40.27,0.0,362.9
2024-10-26,West,Furniture,10,210.61,0.05,2576.61
2024-10-27,South,Electronics,27,310.4,0.1,9716.47
2024-10-27,East,Grocery,29,8.11,0.1,272.76
2024-10-27,West,Grocery,29,6.52,0.0,243.72
2024-10-28,North,Electronics,17,266.54,0.05,5550.35
2024-10-28,East,Clothing,21,43.5,0.0,1178.23
2024-10-29,East,Grocery,17,7.8,0.0,171.08
2024-10-29,North,Electronics,17,351.08,0.2,6162.18
2024-10-29,North,Furniture,22,188.29,0.0,5347.79
2024-10-30,East,Electronics,18,271.67,0.05,5999.25
2024-10-30,East,Clothing,15,35.92,0.0,696.02
2024-10-31,North,Furniture,10,164.99,0.2,1705.59
2024-10-31,East,Clothing,6,35.47,0.05,261.34
2024-11-01,East,Grocery,27,8.1,0.1,254.5
2024-11-01,North,Electronics,6,250.15,0.2,1553.01
2024-11-01,North,Electronics,19,309.41,0.2,6084.76
2024-11-02,North,Clothing,14,38.86,0.1,633.69
2024-11-02,South,Electronics,10,345.46,0.0,4472.31
2024-11-03,North,Electronics,8,346.89,0.05,3414.08
2024-11-03,South,Electronics,20,275.66,0.0,7141.78
2024-11-03,South,Furniture,7,157.74,0.2,1144.63
2024-11-04,South,Furniture,4,174.38,0.1,813.71
2024-11-04,North,Clothing,11,40.1,0.05,543.33
2024-11-05,South,Furniture,22,195.19,0.0,5569.54
2024-11-05,East,Grocery,24,9.51,0.05,281.31
2024-11-06,North,Grocery,13,9.26,0.2,124.98
2024-11-06,South,Electronics,26,287.63,0.2,7766.74
2024-11-06,East,Grocery,4,8.16,0.2,33.91
2024-11-07,North,Electronics,8,309.74,0.05,3057.88
2024-11-07,West,Furniture,4,207.3,0.0,1077.46
2024-11-08,West,Clothing,6,33.69,0.05,249.6
2024-11-08,East,Furniture,26,202.73,0.05,6510.66
2024-11-08,West,Furniture,2,162.91,0.05,402.57
2024-11-09,North,Clothing,2,33.72,0.0,87.74
2024-11-09,East,Clothing,1,47.68,0.1,55.85
2024-11-10,West,Electronics,28,281.68,0.0,10267.36
2024-11-10,North,Furniture,11,197.84,0.2,2267.12
2024-11-11,East,Electronics,16,283.61,0.0,5910.89
2024-11-11,North,Clothing,6,36.65,0.2,229.22
2024-11-11,,Furniture,11,183.12,0.0,2625.47
2024-11-12,South,Electronics,15,267.95,0.2,4192.25
2024-11-12,East,Grocery,11,7.18,0.2,82.4
2024-11-13,South,Clothing,4,32.81,,154.09
2024-11-13,South,Clothing,6,43.43,0.05,323.05
2024-11-13,West,Grocery,19,9.35,,220.31
2024-11-14,North,Furniture,1,144.36,0.2,150.8
2024-11-14,North,Grocery,17,7.32,0.05,154.42
2024-11-15,West,Electronics,12,344.38,0.05,5129.64
2024-11-15,West,Furniture,27,187.27,0.0,6608.59
2024-11-16,North,Electronics,14,255.43,0.1,4207.78
2024-11-16,West,Clothing,24,35.85,0.2,900.19
2024-11-16,North,Electronics,5,264.89,0.2,1386.12
2024-11-17,West,Grocery,4,6.51,0.0,34.08
2024-11-17,West,Grocery,23,6.81,0.05,194.78
2024-11-18,North,Electronics,16,255.25,0.05,5080.23
2024-11-18,North,Grocery,8,8.01,0.2,67.15
2024-11-18,North,Grocery,11,8.86,0.0,127.69
2024-11-19,West,Electronics,28,302.29,0.1,9983.82
2024-11-19,East,Clothing,2,42.5,0.1,100.29
2024-11-20,North,Electronics,10,346.05,0.1,4084.31
2024-11-20,West,Grocery,16,8.9,0.1,168.12
2024-11-21,North,Clothing,15,33.6,0.2,529.08
2024-11-21,North,Furniture,29,145.93,0.05,5277.17
2024-11-21,North,Electronics,12,351.58,0.05,5262.55
2024-11-22,West,Furniture,5,162.78,,1068.98
2024-11-22,East,Furniture,4,206.15,0.05,1029.2
2024-11-23,South,Clothing,1,34.79,0.0,45.72
2024-11-23,,Grocery,4,9.21,0.2,38.74
2024-11-23,West,Furniture,6,175.7,0.05,1316.97
2024-11-24,North,Electronics,6,243.47,0.05,1825.5
2024-11-24,North,Electronics,13,358.68,0.05,5828.64
2024-11-25,South,Furniture,14,152.41,0.2,2246.76
2024-11-25,East,Clothing,8,32.38,0.2,272.84
2024-11-26,East,Clothing,18,44.81,0.2,849.82
2024-11-26,North,Furniture,21,167.48,0.2,3706.75
2024-11-26,West,Grocery,28,6.5,0.2,191.87
2024-11-27,East,Clothing,8,32.19,0.1,305.52
2024-11-27,North,Grocery,22,7.7,0.2,178.7
2024-11-28,East,Clothing,26,33.69,0.0,1155.38
2024-11-28,West,Electronics,10,282.26,0.05,3537.97
2024-11-28,East,Furniture,4,193.43,0.05,970.11
2024-11-29,North,Electronics,10,354.12,0.0,4675.14
2024-11-29,South,Electronics,5,275.22,0.05,1726.43
2024-11-30,South,Furniture,24,185.44,0.0,5879.25
2024-11-30,West,Grocery,29,8.65,0.2,265.18
2024-12-01,South,Furniture,27,201.19,0.0,7180.27
2024-12-01,North,Grocery,3,7.98,0.05,30.07
2024-12-01,West,Furniture,22,200.96,0.1,5262.7
2024-12-02,West,Electronics,22,295.41,0.1,7738.47
2024-12-02,South,Clothing,23,43.89,0.2,1068.76
2024-12-03,North,Clothing,3,42.15,0.2,133.92
2024-12-03,East,Furniture,15,177.45,0.0,3524.73
2024-12-03,East,Furniture,5,206.67,0.1,1231.91
2024-12-04,West,Electronics,2,277.51,0.1,661.87
2024-12-04,North,Clothing,19,37.75,0.05,903.12
2024-12-05,South,Electronics,29,297.93,0.0,11455.02
2024-12-05,North,Electronics,24,247.35,0.0,7872.96
2024-12-06,North,Electronics,5,311.0,0.2,1650.31
2024-12-06,East,Grocery,18,6.48,0.0,154.78
2024-12-06,North,Clothing,9,45.86,0.0,547.88
2024-12-07,North,Grocery,29,7.52,0.2,231.66
2024-12-07,North,Grocery,2,9.24,0.05,23.32
2024-12-08,East,Electronics,29,257.93,0.1,8944.23
2024-12-08,South,Clothing,6,43.46,0.0,346.56
2024-12-08,North,Clothing,5,41.37,0.05,261.24
2024-12-09,East,Grocery,17,8.21,0.1,167.04
2024-12-09,North,Furniture,14,209.27,0.2,3117.8
2024-12-10,East,Grocery,3,6.68,0.05,25.33
2024-12-10,East,Electronics,14,350.13,0.0,6524.42
2024-12-11,North,Grocery,14,7.3,,136.07
2024-12-11,South,Grocery,6,7.21,0.2,46.09
2024-12-11,East,Furniture,23,193.3,0.05,5626.78
2024-12-12,East,Grocery,20,7.72,0.0,205.76
2024-12-12,East,Grocery,27,6.83,0.2,196.66
2024-12-13,West,Clothing,26,40.93,0.2,1135.2
2024-12-13,East,Grocery,5,9.2,0.05,58.29
2024-12-13,West,Clothing,22,32.14,0.05,896.23
2024-12-14,South,Furniture,23,172.98,0.2,4247.88
2024-12-14,North,Grocery,23,6.97,0.2,171.21
2024-12-15,North,Clothing,23,43.34,0.1,1198.06
2024-12-15,North,Furniture,8,200.67,0.0,2144.48
2024-12-16,North,Clothing,21,34.27,0.0,961.64
2024-12-16,North,Furniture,17,204.8,0.0,4653.59
2024-12-16,South,Clothing,15,37.0,0.1,667.84
2024-12-17,North,Electronics,6,329.98,0.0,2647.94
2024-12-17,North,Furniture,17,153.27,0.05,3311.53
2024-12-18,East,Furniture,23,178.09,0.05,5207.39
2024-12-18,West,Clothing,2,42.39,0.1,102.14
2024-12-18,West,Electronics,27,299.4,0.2,8659.53
2024-12-19,North,Grocery,19,8.61,0.0,219.12
2024-12-19,East,Furniture,15,199.82,0.0,4015.86
2024-12-20,West,Grocery,10,9.37,0.0,125.58
2024-12-20,North,Clothing,16,42.39,0.0,909.27
2024-12-21,North,Grocery,24,6.96,0.05,212.8
2024-12-21,South,Furniture,22,199.3,0.1,5293.46
2024-12-21,North,Furniture,6,174.51,0.1,1264.48
2024-12-22,North,Clothing,26,43.18,0.1,1356.2
2024-12-22,North,Furniture,14,193.62,0.2,2911.55
2024-12-23,North,Grocery,3,9.24,0.0,37.23
2024-12-23,South,Electronics,28,310.71,0.05,11103.29
2024-12-23,North,Clothing,22,35.67,0.05,1001.83
2024-12-24,North,Furniture,20,173.25,0.0,4657.76
2024-12-24,North,Furniture,26,188.68,0.2,5277.06
2024-12-25,North,Clothing,4,41.13,0.05,210.22
2024-12-25,North,Furniture,7,157.94,0.1,1338.73
2024-12-26,South,Furniture,12,203.33,0.1,2955.4
2024-12-26,East,Electronics,9,309.53,0.2,3000.23
2024-12-26,North,Clothing,13,41.23,0.2,577.42
2024-12-27,West,Grocery,14,7.06,0.2,106.51
2024-12-27,,Electronics,3,298.99,0.05,1148.18
2024-12-28,North,Grocery,18,7.26,0.1,158.52
2024-12-28,North,Clothing,19,37.37,0.2,765.83
2024-12-28,East,Electronics,14,281.03,0.2,4244.87
2024-12-29,North,Furniture,22,187.61,0.2,4454.42
2024-12-29,North,Clothing,17,37.96,0.0,870.82
2024-12-30,South,Electronics,24,347.99,0.0,11273.48
2024-12-30,West,Clothing,12,44.01,0.05,677.43
2024-12-31,North,Grocery,27,9.54,0.0,347.9
2024-12-31,South,Grocery,13,8.36,0.2,117.46
2024-12-31,South,Grocery,19,7.78,0.0,199.77
2025-01-01,East,Clothing,10,38.29,0.05,491.74
2025-01-01,North,Furniture,24,146.66,0.2,3807.72
2025-01-02,South,Electronics,19,324.51,0.05,7922.93
2025-01-02,South,Grocery,16,7.41,0.2,128.33
2025-01-02,East,Electronics,28,242.72,0.1,8278.35
2025-01-03,North,Furniture,4,209.71,0.2,908.52
2025-01-03,North,Furniture,29,161.02,0.0,6323.71
2025-01-04,West,Grocery,16,6.7,0.05,137.96
2025-01-04,East,Electronics,12,328.59,0.1,4808.72
2025-01-05,East,Clothing,9,44.34,0.0,540.9
2025-01-05,West,Clothing,2,44.34,0.05,114.22
2025-01-05,West,Furniture,12,188.35,0.0,3065.37
2025-01-06,North,Electronics,19,243.14,0.2,5013.76
2025-01-06,East,Electronics,25,304.13,0.1,9286.11
2025-01-07,South,Clothing,28,47.37,0.05,1710.43
2025-01-07,South,Electronics,2,294.63,0.05,760.11
2025-01-07,East,Grocery,28,7.35,0.0,279.53
2025-01-08,North,Furniture,2,184.13,0.2,400.27
2025-01-08,West,Electronics,20,315.88,0.2,6868.69
2025-01-09,,Electronics,27,275.71,0.05,9613.9
2025-01-09,North,Grocery,11,8.88,0.1,119.55
2025-01-10,North,Furniture,4,204.59,0.05,1057.51
2025-01-10,South,Grocery,3,6.48,0.2,21.16
2025-01-10,North,Electronics,17,252.05,0.05,5540.26
2025-01-11,West,Electronics,14,300.07,0.2,4575.51
2025-01-11,North,Electronics,1,247.07,0.0,336.47
2025-01-12,North,Clothing,19,35.13,0.1,818.33
2025-01-12,West,Electronics,18,344.71,0.0,8454.89
2025-01-12,South,Electronics,21,359.83,0.2,8239.79
2025-01-13,West,Electronics,21,341.09,0.1,8789.57
2025-01-13,East,Furniture,20,155.84,0.0,4250.82
2025-01-14,North,Grocery,1,8.97,0.1,11.01
2025-01-14,North,Electronics,23,309.84,0.2,7779.91
2025-01-15,North,Electronics,21,359.38,0.1,9271.76
2025-01-15,West,Clothing,4,36.52,0.2,159.57
2025-01-15,North,Clothing,12,46.42,0.05,722.79
2025-01-16,South,Electronics,16,241.94,,5024.35
2025-01-16,South,Grocery,14,7.11,0.0,136.04
2025-01-17,North,Electronics,14,348.52,0.0,6670.19
2025-01-17,East,Clothing,7,40.16,0.1,345.97
2025-01-17,North,Grocery,15,7.07,0.05,137.81
2025-01-18,North,Grocery,21,8.64,0.05,235.84
2025-01-18,,Grocery,14,7.42,,135.07
2025-01-19,South,Grocery,16,8.29,0.0,181.59
2025-01-19,South,Clothing,18,38.65,0.1,857.45
2025-01-20,North,Electronics,9,249.65,0.0,3077.84
2025-01-20,North,Grocery,4,6.6,0.2,28.94
2025-01-20,South,Electronics,28,349.61,0.0,13417.37
2025-01-21,West,Electronics,1,344.23,0.05,448.36
2025-01-21,South,Grocery,11,7.87,0.1,106.85
2025-01-22,South,Electronics,13,268.83,0.2,3835.46
2025-01-22,West,Electronics,4,255.98,0.0,1405.07
2025-01-22,West,Furniture,18,212.95,0.1,4735.35
2025-01-23,West,Clothing,27,40.65,0.1,16275.48
2025-01-23,West,Grocery,13,6.42,0.0,114.63
2025-01-24,East,Clothing,27,42.01,0.0,1558.32
2025-01-24,North,Grocery,15,8.82,0.1,163.63
2025-01-25,South,Furniture,7,165.88,0.0,1596.19
2025-01-25,North,Clothing,12,47.68,0.1,708.07
2025-01-25,East,Electronics,14,247.08,0.1,4282.06
2025-01-26,North,Furniture,24,152.04,,4769.4
2025-01-26,South,Electronics,25,312.46,0.05,10213.05
2025-01-27,,Clothing,24,39.4,0.0,1301.76
2025-01-27,South,Clothing,6,37.91,0.0,313.22
2025-01-27,South,Clothing,5,43.14,0.0,3565.44
2025-01-28,North,Furniture,24,210.88,0.1,6276.13
2025-01-28,North,Clothing,19,45.77,0.2,958.86
2025-01-29,West,Grocery,23,8.73,0.0,276.82
2025-01-29,East,Electronics,16,274.72,0.05,5758.57
2025-01-30,North,Furniture,26,165.86,,4758.96
2025-01-30,South,Furniture,2,156.83,0.1,389.52
2025-01-30,East,Furniture,29,207.05,0.2,6630.13
2025-01-31,East,Grocery,3,8.57,0.1,31.95
2025-01-31,East,Grocery,13,8.24,0.1,133.14
2025-02-01,North,Grocery,24,6.62,0.0,219.49
2025-02-01,North,Grocery,2,9.12,0.2,20.16
2025-02-01,South,Electronics,21,257.38,0.0,7471.06
2025-02-02,South,Furniture,5,180.69,0.0,1249.16
2025-02-02,South,Electronics,5,352.26,0.2,1948.78
2025-02-03,North,Furniture,18,169.74,0.0,4226.9
2025-02-03,North,Electronics,18,294.92,0.05,6978.97
2025-02-04,East,Clothing,11,47.12,0.05,681.61
2025-02-04,North,Clothing,26,36.76,0.0,1323.4
2025-02-04,East,Electronics,5,294.27,0.05,1936.01
2025-02-05,North,Grocery,16,7.62,0.2,135.13
2025-02-05,West,Clothing,28,38.51,0.05,1419.63
2025-02-06,North,Clothing,18,38.9,0.05,922.12
2025-02-06,South,Furniture,5,215.35,0.1,1343.78
2025-02-06,West,Furniture,20,201.99,0.0,5603.44
2025-02-07,North,Furniture,8,146.94,0.05,1549.44
2025-02-07,North,Grocery,16,8.35,0.1,166.88
2025-02-08,West,Clothing,19,32.19,0.2,679.26
2025-02-08,West,Electronics,26,249.4,,8554.39
2025-02-09,South,Clothing,26,41.33,0.0,1492.66
2025-02-09,North,Clothing,8,41.93,0.0,466.08
2025-02-09,South,Furniture,29,156.28,0.2,5039.21
2025-02-10,North,Grocery,7,7.69,0.05,71.1
2025-02-10,North,Furniture,26,169.96,,4916.22
2025-02-11,West,Grocery,3,8.65,0.1,32.49
2025-02-11,South,Furniture,4,174.23,0.1,872.76
2025-02-11,,Electronics,13,286.15,0.05,4918.77
2025-02-12,North,Furniture,3,203.44,0.1,764.75
2025-02-12,North,Furniture,10,192.13,0.0,2675.72
2025-02-13,West,Furniture,14,151.97,0.05,2815.66
2025-02-13,North,Furniture,15,182.87,0.05,3631.22
2025-02-14,North,Grocery,1,7.12,0.0,9.92
2025-02-14,South,Grocery,6,7.26,0.05,57.7
2025-02-14,North,Furniture,4,188.13,0.05,997.04
2025-02-15,South,Clothing,14,45.84,0.0,895.3
2025-02-15,East,Furniture,23,169.84,0.1,4906.01
2025-02-16,North,Clothing,15,40.35,0.1,760.36
2025-02-16,South,Furniture,29,149.62,0.1,5452.53
2025-02-16,South,Furniture,9,199.74,0.05,2385.19
2025-02-17,North,Furniture,27,156.48,0.1,5312.29
2025-02-17,North,Furniture,24,172.69,0.1,5212.69
2025-02-18,North,Clothing,27,36.39,0.0,1373.44
2025-02-18,South,Clothing,15,40.31,0.2,676.37
2025-02-19,,Electronics,14,275.95,0.05,5133.29
2025-02-19,North,Grocery,18,7.9,0.05,189.0
2025-02-19,West,Furniture,1,175.75,0.1,221.36
2025-02-20,West,Furniture,28,188.14,0.2,5899.51
2025-02-20,South,Furniture,12,193.6,0.1,2927.79
2025-02-21,West,Furniture,26,182.27,0.0,6637.79
2025-02-21,East,Furniture,18,197.47,0.1,4482.03
2025-02-21,South,Electronics,19,347.71,0.1,8332.9
2025-02-22,South,Furniture,13,176.96,0.0,3224.97
2025-02-22,South,Electronics,1,243.93,0.0,342.06
2025-02-23,East,Furniture,17,199.22,0.0,4750.47
2025-02-23,North,Electronics,19,295.08,0.0,7866.33
2025-02-24,East,Grocery,1,8.9,0.1,11.24
2025-02-24,South,Furniture,9,205.46,0.1,2336.36
2025-02-24,East,Electronics,12,249.22,0.0,4199.66
2025-02-25,West,Grocery,8,7.67,0.2,68.95
2025-02-25,North,Electronics,21,328.87,0.05,9218.6
2025-02-26,South,Furniture,18,176.52,0.05,4242.4
2025-02-26,North,Clothing,21,39.22,0.0,1157.9
2025-02-26,North,Electronics,6,297.43,0.1,2258.64
2025-02-27,South,Electronics,6,358.61,0.2,2421.34
2025-02-27,South,Electronics,22,268.79,0.2,6656.44
2025-02-28,West,Grocery,25,6.92,0.2,194.79
2025-02-28,South,Grocery,23,8.86,0.0,286.9
2025-03-01,North,Clothing,22,45.43,0.05,1337.14
2025-03-01,West,Clothing,4,32.73,0.05,175.2
2025-03-01,North,Clothing,27,41.81,0.0,1590.66
2025-03-02,North,Furniture,5,205.73,0.1,1304.87
2025-03-02,East,Grocery,4,8.7,0.0,49.06
2025-03-03,North,Grocery,27,6.87,0.2,209.27
2025-03-03,North,Clothing,11,34.69,0.0,538.3
2025-03-03,East,Grocery,1,7.83,0.1,9.94
2025-03-04,North,Electronics,11,284.8,0.1,3979.68
2025-03-04,,Clothing,24,34.69,0.0,1175.47
2025-03-05,West,Grocery,11,8.06,0.2,100.17
2025-03-05,North,Furniture,22,157.67,0.2,3920.16
2025-03-06,West,Electronics,15,249.21,0.1,4754.06
2025-03-06,North,Furniture,21,179.3,0.2,4257.73
2025-03-06,North,Furniture,17,211.64,0.05,4832.61
2025-03-07,South,Furniture,1,155.02,0.1,197.32
2025-03-07,South,Furniture,10,158.31,0.05,2127.6
2025-03-08,West,Grocery,28,8.03,0.1,286.35
2025-03-08,East,Furniture,17,212.26,0.1,4596.87
2025-03-08,South,Clothing,6,39.22,0.05,316.53
2025-03-09,South,Furniture,25,159.18,0.05,5354.27
2025-03-09,North,Grocery,26,8.24,0.1,273.16
2025-03-10,West,Electronics,26,278.73,0.0,10269.54
2025-03-10,North,Electronics,15,253.78,0.2,4316.73
2025-03-11,West,Furniture,2,189.28,0.0,536.75
2025-03-11,East,Electronics,10,292.13,0.2,3314.57
2025-03-11,,Furniture,22,212.82,0.2,5313.85
2025-03-12,North,Clothing,6,38.15,0.0,324.83
2025-03-12,South,Clothing,29,34.44,0.0,1417.72
2025-03-13,North,Clothing,1,37.18,0.1,47.51
2025-03-13,East,Grocery,3,7.93,0.0,33.79
2025-03-13,West,Furniture,7,164.86,0.2,1311.59
2025-03-14,East,Clothing,24,38.78,0.2,1058.1
2025-03-14,South,Clothing,4,43.29,,246.14
2025-03-15,East,Grocery,28,8.85,0.1,317.11
2025-03-15,East,Grocery,1,8.29,0.1,10.61
2025-03-16,South,Furniture,20,178.7,0.05,4830.43
2025-03-16,North,Clothing,20,33.83,0.0,962.86
2025-03-16,North,Electronics,15,320.17,,6836.35
2025-03-17,East,Furniture,29,160.67,0.0,6634.48
2025-03-17,North,Electronics,22,328.68,0.0,10298.93
2025-03-18,South,Furniture,15,212.72,0.05,4318.58
2025-03-18,East,Furniture,22,205.52,0.05,6121.26
2025-03-18,East,Furniture,24,163.82,0.1,5044.09
2025-03-19,South,Clothing,19,39.41,0.05,1014.3
2025-03-19,North,Clothing,29,39.12,0.1,1456.28
2025-03-20,North,Electronics,13,332.35,0.0,6164.06
2025-03-20,North,Clothing,3,38.68,0.1,149.04
2025-03-21,North,Grocery,9,7.53,,96.74
2025-03-21,North,Clothing,13,41.4,0.2,614.79
2025-03-21,South,Furniture,4,185.04,0.1,951.44
2025-03-22,South,Grocery,13,9.1,0.1,152.11
2025-03-22,North,Grocery,27,9.37,0.05,343.47
2025-03-23,North,Furniture,8,205.78,0.1,2117.95
2025-03-23,South,Clothing,22,47.84,0.1,1354.43
2025-03-23,East,Electronics,21,309.03,0.05,8817.93
2025-03-24,East,Furniture,14,173.76,0.0,3480.35
2025-03-24,,Furniture,17,194.94,0.1,4268.34
2025-03-25,South,Clothing,23,45.9,0.05,1435.66
2025-03-25,North,Clothing,5,43.41,,279.71
2025-03-26,West,Electronics,21,309.33,0.0,9304.04
2025-03-26,West,Grocery,28,6.92,0.1,249.84
2025-03-26,South,Electronics,10,326.89,0.05,4450.39
2025-03-27,East,Grocery,4,9.31,0.2,42.71
2025-03-27,East,Grocery,2,7.87,0.05,21.44
2025-03-28,East,Electronics,2,344.22,0.1,888.68
2025-03-28,North,Clothing,21,41.49,0.2,1000.02
2025-03-28,North,Grocery,22,7.25,0.2,183.12
2025-03-29,East,Electronics,25,357.64,0.1,11551.25
2025-03-29,West,Electronics,13,329.27,0.2,4917.08
2025-03-30,North,Grocery,16,9.53,0.1,197.11
2025-03-30,South,Clothing,19,41.76,0.0,1139.93
2025-03-31,South,Grocery,1,8.78,0.1,11.36
2025-03-31,North,Electronics,1,272.93,0.05,372.72
2025-03-31,East,Furniture,22,182.07,0.0,5759.53
2025-04-01,North,Grocery,3,7.63,0.0,32.92
2025-04-01,North,Furniture,10,193.38,0.05,2643.04
2025-04-02,South,Furniture,9,211.86,0.2,2195.18
2025-04-02,West,Electronics,24,306.95,0.05,10074.23
2025-04-02,East,Electronics,10,240.8,0.05,3293.9
2025-04-03,East,Electronics,29,277.89,0.2,9285.64
2025-04-03,West,Grocery,16,8.13,0.0,187.41
2025-04-04,North,Furniture,8,201.08,0.2,1854.56
2025-04-04,South,Electronics,10,310.22,0.2,3577.44
2025-04-05,North,Grocery,17,7.04,0.0,172.57
2025-04-05,North,Furniture,7,187.82,0.0,1896.24
2025-04-05,East,Furniture,26,207.25,0.0,7773.96
2025-04-06,East,Furniture,28,181.42,0.0,7330.58
2025-04-06,South,Clothing,21,45.51,0.2,1103.65
2025-04-07,South,Furniture,4,182.65,0.1,949.42
2025-04-07,East,Furniture,6,148.49,0.0,1286.78
2025-04-07,West,Furniture,15,214.13,0.1,4176.26
2025-04-08,West,Grocery,14,6.54,0.0,132.31
2025-04-08,East,Grocery,7,7.29,0.05,70.08
2025-04-09,South,Clothing,27,42.4,,1572.5
2025-04-09,East,Electronics,24,337.72,0.1,10550.38
2025-04-10,North,Clothing,9,35.43,,415.18
2025-04-10,West,Clothing,18,45.94,0.0,1196.63
2025-04-10,North,Electronics,22,324.5,0.1,9300.32
2025-04-11,West,Electronics,18,250.71,0.05,6207.35
2025-04-11,North,Furniture,27,175.93,0.1,6191.62
2025-04-12,North,Clothing,13,46.22,0.1,783.42
2025-04-12,North,Electronics,6,293.72,0.05,2426.09
2025-04-12,South,Furniture,14,206.23,0.2,3348.02
2025-04-13,North,Grocery,3,7.07,0.2,24.6
2025-04-13,North,Furniture,29,206.85,0.1,7829.86
2025-04-14,West,Grocery,3,8.63,0.2,30.05
2025-04-14,West,Clothing,13,32.42,0.1,550.42
2025-04-15,North,Electronics,11,252.61,0.05,3831.64
2025-04-15,South,Furniture,20,197.08,0.1,5150.53
2025-04-15,South,Furniture,22,204.39,0.05,6203.87
2025-04-16,East,Clothing,3,37.93,,1884.48
2025-04-16,East,Electronics,9,271.97,0.1,3201.12
2025-04-17,South,Electronics,16,356.89,0.2,6639.88
2025-04-17,East,Electronics,21,341.65,0.05,9909.68
2025-04-17,South,Grocery,22,9.59,0.1,276.15
2025-04-18,North,Furniture,13,156.64,0.0,2962.24
2025-04-18,East,Clothing,14,40.14,0.05,776.82
2025-04-19,South,Furniture,4,151.0,0.05,835.17
2025-04-19,West,Electronics,22,321.51,0.0,10297.93
2025-04-20,East,Furniture,4,173.24,0.2,807.33
2025-04-20,North,Clothing,20,33.36,0.0,971.91
2025-04-20,East,Clothing,10,34.44,0.0,501.83
2025-04-21,South,Electronics,4,349.24,0.0,2036.08
2025-04-21,South,Electronics,25,345.23,0.1,11324.53
2025-04-22,,Electronics,14,354.62,0.1,6516.02
2025-04-22,East,Clothing,1,46.34,0.05,64.22
2025-04-22,North,Furniture,1,182.53,0.2,213.06
2025-04-23,South,Clothing,16,40.25,0.05,892.93
2025-04-23,West,Clothing,3,41.39,0.2,145.02
2025-04-24,North,Clothing,20,44.27,0.05,1228.31
2025-04-24,North,Clothing,20,35.16,0.1,924.45
2025-04-25,South,Furniture,20,176.05,0.2,4115.65
2025-04-25,South,Clothing,7,38.36,0.05,372.82
2025-04-25,North,Electronics,27,334.76,0.05,12552.81
2025-04-26,South,Electronics,2,245.52,0.2,574.44
2025-04-26,East,Grocery,26,8.45,0.05,305.29
2025-04-27,East,Furniture,14,150.39,0.2,2464.41
2025-04-27,North,Electronics,13,305.06,0.05,5513.76
2025-04-27,North,Clothing,21,35.56,0.1,983.87
2025-04-28,South,Grocery,11,9.53,0.05,145.83
2025-04-28,North,Furniture,9,153.63,0.0,2025.21
2025-04-29,West,Clothing,11,37.14,0.1,538.7
2025-04-29,South,Furniture,6,159.15,0.05,1329.45
2025-04-30,South,Furniture,14,162.67,0.1,3004.59
2025-04-30,South,Electronics,7,321.59,0.0,3300.86
2025-04-30,North,Electronics,22,248.23,0.2,6407.84
2025-05-01,North,Electronics,1,314.45,0.2,369.07
2025-05-01,East,Electronics,9,302.52,0.2,3196.45
2025-05-02,West,Grocery,2,6.55,0.2,15.38
2025-05-02,East,Grocery,1,9.43,0.1,12.46
2025-05-02,North,Furniture,14,178.91,0.0,3678.74
2025-05-03,,Clothing,3,32.88,0.2,115.93
2025-05-03,South,Grocery,7,8.14,0.1,75.36
2025-05-04,South,Clothing,19,38.16,0.0,1065.75
2025-05-04,South,Electronics,13,252.64,0.2,3863.18
2025-05-05,West,Clothing,20,44.45,0.2,1045.97
2025-05-05,West,Clothing,27,46.19,0.1,1651.2
2025-05-05,West,Furniture,1,194.42,0.05,271.79
2025-05-06,,Furniture,24,176.95,,5000.74
2025-05-06,South,Grocery,3,9.05,0.0,39.97
2025-05-07,West,Grocery,24,6.47,0.2,182.95
2025-05-07,East,Electronics,26,266.02,0.2,8151.07
2025-05-07,North,Electronics,27,310.02,0.05,11717.42
2025-05-08,West,Clothing,3,35.07,0.0,155.07
2025-05-08,South,Clothing,20,42.56,0.05,1192.19
2025-05-09,North,Electronics,4,298.11,0.2,1406.81
2025-05-09,North,Grocery,13,9.02,0.0,172.97
2025-05-10,South,Electronics,7,357.96,0.0,3697.23
2025-05-10,East,Clothing,3,32.9,0.05,138.39
2025-05-10,South,Grocery,22,8.76,0.05,270.29
2025-05-11,East,Clothing,21,32.97,0.0,1022.44
2025-05-11,South,Clothing,9,40.59,0.1,485.65
2025-05-12,West,Furniture,4,169.74,0.2,802.54
2025-05-12,West,Electronics,20,297.33,0.0,8788.59
2025-05-12,North,Clothing,9,43.89,0.1,6306.719999999999
2025-05-13,North,Furniture,2,144.44,0.1,384.46
2025-05-13,West,Electronics,9,315.87,0.2,3363.91
2025-05-14,South,Grocery,12,9.21,0.0,163.52
2025-05-14,West,Electronics,28,346.67,0.05,13646.97
2025-05-15,South,Grocery,6,8.03,0.05,67.76
2025-05-15,North,Furniture,26,190.65,0.1,6605.81
2025-05-15,North,Electronics,24,258.68,0.1,8275.74
2025-05-16,East,Electronics,8,264.82,0.2,2510.95
2025-05-16,North,Grocery,12,9.53,0.2,135.58
2025-05-17,South,Electronics,11,244.28,0.0,3983.12
2025-05-17,South,Grocery,20,9.31,0.2,220.87
2025-05-17,East,Furniture,14,163.24,0.05,3219.99
2025-05-18,West,Grocery,11,8.1,0.0,132.18
2025-05-18,North,Grocery,2,7.15,0.05,20.16
2025-05-19,South,Grocery,24,6.69,0.0,238.32
2025-05-19,East,Grocery,1,9.17,0.2,10.89
2025-05-20,North,Electronics,2,315.81,0.05,891.13
2025-05-20,North,Electronics,17,345.2,0.2,6974.12
2025-05-20,North,Electronics,19,315.76,0.2,7131.77
2025-05-21,West,Furniture,15,195.8,0.0,4365.33
2025-05-21,East,Grocery,16,6.78,0.0,161.28
2025-05-22,North,Clothing,19,32.13,0.2,726.28
2025-05-22,North,Furniture,18,150.28,0.0,4023.81
2025-05-22,,Grocery,26,9.12,0.1,317.54
2025-05-23,North,Furniture,10,146.38,0.0,2178.61
2025-05-23,North,Electronics,5,251.68,0.0,1873.41
2025-05-24,North,Clothing,4,33.66,0.2,160.4
2025-05-24,South,Electronics,26,247.81,0.1,8637.4
2025-05-25,North,Clothing,18,37.3,0.0,1000.34
2025-05-25,West,Electronics,7,311.74,0.2,2601.73
2025-05-25,South,Grocery,24,9.33,0.2,267.04
2025-05-26,West,Furniture,27,156.25,0.05,5976.16
2025-05-26,West,Clothing,27,32.79,0.0,1320.49
2025-05-27,West,Electronics,5,355.76,0.05,2521.15
2025-05-27,South,Grocery,8,6.85,0.2,65.42
2025-05-27,South,Electronics,12,328.6,0.05,5591.82
2025-05-28,South,Clothing,5,46.86,0.1,314.86
2025-05-28,North,Clothing,22,38.56,0.1,1140.29
2025-05-29,West,Grocery,23,9.55,0.1,295.33
2025-05-29,North,Electronics,6,277.54,0.1,2239.58
2025-05-30,South,Furniture,25,155.86,0.05,5533.0
2025-05-30,East,Electronics,4,343.26,0.2,1642.3
2025-05-30,East,Grocery,24,8.5,0.1,274.58
2025-05-31,South,Furniture,8,165.78,0.2,1587.17
2025-05-31,South,Clothing,18,32.63,,878.85
2025-06-01,East,Furniture,10,165.43,0.0,2476.04
2025-06-01,South,Grocery,20,8.4,0.05,238.94
2025-06-01,East,Electronics,26,308.45,0.1,10808.78
2025-06-02,West,Furniture,13,163.73,0.0,3188.33
2025-06-02,North,Furniture,8,174.04,0.1,1877.54
2025-06-03,South,Electronics,3,280.6,0.2,1009.31
2025-06-03,North,Grocery,20,6.64,0.05,189.13
2025-06-04,North,Furniture,21,190.18,,5389.92
2025-06-04,North,Grocery,25,8.13,0.2,243.89
2025-06-04,West,Clothing,9,45.89,0.1,557.69
2025-06-05,North,Grocery,1,8.98,0.05,12.8
2025-06-05,South,Clothing,25,38.45,0.1,1298.67
2025-06-06,East,Grocery,8,8.86,0.2,85.14
2025-06-06,East,Electronics,21,314.81,0.05,9432.84
2025-06-06,West,Grocery,27,9.33,0.2,302.76
2025-06-07,South,Grocery,9,7.12,,91.48
2025-06-07,East,Clothing,17,36.82,,752.7
2025-06-08,West,Clothing,10,39.7,0.0,596.9
2025-06-08,North,Clothing,5,34.18,0.05,244.17
2025-06-09,South,Clothing,7,41.26,0.2,347.59
2025-06-09,North,Furniture,15,172.41,0.05,3696.9
2025-06-09,South,Clothing,4,43.82,0.2,2532.7200000000003
2025-06-10,North,Clothing,12,44.88,0.1,729.74
2025-06-10,East,Clothing,11,33.56,0.2,444.75
2025-06-11,South,Grocery,25,9.59,0.05,343.09
2025-06-11,North,Electronics,17,333.97,0.2,6843.59
2025-06-11,West,Clothing,23,44.08,0.05,1451.6
2025-06-12,South,Electronics,21,269.24,0.2,6818.95
2025-06-12,North,Furniture,10,162.38,,2448.59
2025-06-13,North,Electronics,8,345.37,0.2,3333.98
2025-06-13,North,Clothing,29,32.76,0.2,1146.69
2025-06-14,North,Furniture,25,152.73,0.2,4609.82
2025-06-14,North,Furniture,2,187.5,0.1,509.47
2025-06-14,North,Grocery,23,7.16,0.2,198.93
2025-06-15,North,Electronics,27,302.34,0.2,9863.34
2025-06-15,South,Clothing,28,40.49,0.2,1370.21
2025-06-16,North,Furniture,3,172.87,0.1,705.32
2025-06-16,North,Furniture,12,201.57,0.2,2924.94
2025-06-16,South,Electronics,17,264.29,0.0,6793.05
2025-06-17,North,Electronics,19,330.6,0.05,9024.64
2025-06-17,East,Grocery,13,7.73,0.2,121.61
2025-06-18,,Electronics,8,348.45,,4218.03
2025-06-18,North,Clothing,24,34.47,0.0,15025.439999999999
2025-06-19,North,Furniture,25,160.44,0.05,5768.8
2025-06-19,North,Furniture,14,167.65,0.0,3554.31
2025-06-19,North,Clothing,7,35.33,0.2,299.69
2025-06-20,North,Electronics,9,276.64,0.2,3017.87
2025-06-20,East,Electronics,8,286.08,0.2,2774.83
2025-06-21,East,Electronics,21,333.27,0.1,9548.63
2025-06-21,West,Electronics,16,323.3,0.05,7451.56
2025-06-21,East,Furniture,12,200.39,0.1,3282.56
2025-06-22,South,Furniture,2,183.6,0.2,445.68
2025-06-22,West,Clothing,13,36.65,0.2,578.43
2025-06-23,South,Furniture,24,154.36,0.0,5623.44
2025-06-23,North,Electronics,24,354.2,0.1,11616.44
2025-06-24,North,Furniture,21,189.11,0.1,5428.27
2025-06-24,North,Furniture,11,159.08,0.05,2525.41
2025-06-24,West,Electronics,28,276.84,0.2,9423.04
2025-06-25,East,Electronics,16,308.53,0.1,6752.87
2025-06-25,North,Furniture,17,177.42,0.2,3668.46
2025-06-26,West,Electronics,24,245.33,0.05,8506.34
2025-06-26,East,Electronics,5,277.05,0.2,1685.74
2025-06-26,South,Electronics,24,308.41,0.1,10136.03
2025-06-27,West,Clothing,29,44.98,0.1,1786.73
2025-06-27,West,Electronics,20,263.09,0.0,8010.29
2025-06-28,South,Furniture,20,161.01,0.2,3922.84
2025-06-28,South,Grocery,21,7.75,0.1,223.1
2025-06-29,North,Grocery,12,7.33,,134.01
2025-06-29,North,Electronics,3,339.78,0.0,1553.42
2025-06-29,North,Grocery,17,8.17,0.05,201.13
2025-06-30,North,Electronics,16,266.11,0.0,6492.02
2025-06-30,North,Clothing,5,39.85,0.2,243.11
2025-07-01,East,Grocery,18,8.06,0.2,177.06
2025-07-01,West,Furniture,23,163.23,0.05,5442.42
2025-07-01,East,Grocery,5,8.31,0.1,57.08
2025-07-02,West,Furniture,19,199.57,0.1,5210.26
2025-07-02,West,Clothing,26,35.46,0.0,1407.97
2025-07-03,South,Grocery,2,7.36,0.05,21.36
2025-07-03,South,Electronics,20,258.4,0.1,7106.81
2025-07-04,North,Electronics,3,278.34,0.2,1020.96
2025-07-04,South,Electronics,3,333.85,0.05,1454.57
2025-07-04,North,Furniture,25,197.63,0.05,7177.4
2025-07-05,North,Electronics,4,350.99,0.0,2147.43
2025-07-05,South,Clothing,13,38.22,0.0,760.17
2025-07-06,East,Electronics,4,251.83,0.2,1233.24
2025-07-06,South,Clothing,4,34.68,,169.88
2025-07-06,East,Furniture,5,180.99,0.0,1385.62
2025-07-07,North,Grocery,16,6.75,0.1,148.87
2025-07-07,North,Electronics,18,324.18,0.0,8939.32
2025-07-08,North,Furniture,4,165.72,0.2,812.61
2025-07-08,North,Grocery,3,7.92,0.05,34.6
2025-07-09,South,Grocery,10,7.72,0.1,106.52
2025-07-09,North,Furniture,12,170.89,0.0,3144.83
2025-07-09,East,Clothing,6,45.42,0.1,376.23
2025-07-10,North,Electronics,9,244.71,0.0,3379.25
2025-07-10,South,Clothing,20,46.04,0.2,1130.56
2025-07-11,North,Electronics,19,250.99,0.1,6588.78
2025-07-11,East,Electronics,25,254.88,0.05,9295.34
2025-07-11,West,Clothing,21,35.13,0.0,1133.12
2025-07-12,,Furniture,14,205.88,0.0,4428.27
2025-07-12,West,Grocery,19,9.53,0.1,250.43
2025-07-13,North,Electronics,28,259.13,0.1,10037.76
2025-07-13,West,Clothing,18,40.74,0.0,1127.52
2025-07-14,South,Clothing,18,41.51,0.0,1149.13
2025-07-14,,Electronics,17,263.42,0.2,5511.19
2025-07-14,North,Clothing,2,43.61,0.05,127.5
2025-07-15,North,Grocery,23,7.87,0.0,278.6
2025-07-15,South,Electronics,22,269.17,0.0,9116.87
2025-07-16,South,Clothing,15,35.9,0.1,746.34
2025-07-16,East,Clothing,28,42.0,0.2,1449.17
2025-07-16,East,Clothing,7,32.56,0.1,316.05
2025-07-17,South,Clothing,20,45.02,0.05,1318.28
2025-07-17,North,Grocery,4,8.97,0.05,52.55
2025-07-18,East,Grocery,2,8.15,0.0,25.13
2025-07-18,North,Clothing,18,32.41,0.2,719.83
2025-07-19,East,Grocery,22,8.63,0.0,292.91
2025-07-19,North,Electronics,24,285.13,0.05,10032.04
2025-07-19,North,Grocery,2,6.62,0.05,19.41
2025-07-20,West,Clothing,21,37.0,0.05,1139.68
2025-07-20,West,Electronics,18,287.34,0.0,7987.63
2025-07-21,East,Furniture,21,152.83,0.05,4709.92
2025-07-21,North,Grocery,14,9.43,0.0,203.99
2025-07-21,South,Grocery,23,7.76,0.05,262.06
2025-07-22,North,Electronics,26,337.2,0.1,12198.4
2025-07-22,North,Clothing,3,41.56,0.1,173.52
2025-07-23,North,Furniture,1,171.48,0.1,238.72
2025-07-23,North,Clothing,25,40.2,0.0,1554.9
2025-07-24,West,Grocery,14,8.02,0.1,156.38
2025-07-24,North,Electronics,1,285.47,0.05,419.8
2025-07-24,North,Grocery,9,6.76,0.0,94.2
2025-07-25,North,Electronics,17,340.35,0.0,8961.08
2025-07-25,East,Grocery,27,8.01,0.0,335.04
2025-07-26,South,Grocery,13,8.02,0.05,153.48
2025-07-26,East,Furniture,14,176.44,0.2,3062.93
2025-07-26,North,Electronics,4,290.37,0.2,1440.58
2025-07-27,North,Grocery,4,9.33,0.0,57.87
2025-07-27,South,Electronics,17,350.81,0.1,8325.73
2025-07-28,South,Electronics,14,328.69,0.2,5711.83
2025-07-28,East,Furniture,4,147.39,0.2,731.98
2025-07-29,North,Electronics,16,286.19,0.05,6752.94
2025-07-29,North,Grocery,2,8.6,0.2,21.37
2025-07-29,South,Grocery,11,8.17,0.05,132.6
2025-07-30,South,Clothing,21,44.99,0.0,1467.8
2025-07-30,North,Grocery,17,7.31,0.05,183.46
2025-07-31,East,Grocery,26,9.15,0.0,369.78
2025-07-31,North,Grocery,25,7.38,0.1,258.17
2025-07-31,North,Clothing,13,39.4,0.2,637.25
2025-08-01,North,Grocery,22,7.22,0.2,197.67
2025-08-01,North,Grocery,24,8.75,0.0,326.75
2025-08-02,North,Clothing,28,34.48,0.0,1502.58
2025-08-02,South,Grocery,28,8.95,0.2,312.1
2025-08-03,North,Electronics,22,323.09,0.0,11068.34
2025-08-03,South,Grocery,22,7.01,0.0,240.21
2025-08-03,South,Grocery,25,8.83,0.0,343.92
2025-08-04,South,Grocery,13,6.64,0.0,134.52
2025-08-04,North,Electronics,7,291.65,0.05,3023.2
2025-08-05,East,Furniture,28,202.69,0.05,8406.36
2025-08-05,East,Furniture,17,162.58,0.2,3448.35
2025-08-05,North,Clothing,8,41.71,0.1,468.48
2025-08-06,South,Electronics,14,299.16,0.1,5881.7
2025-08-06,East,Clothing,7,32.01,0.2,279.78
2025-08-07,East,Grocery,28,7.75,0.1,304.9
2025-08-07,North,Grocery,20,9.59,0.0,299.51
2025-08-08,East,Furniture,21,147.78,0.1,4362.66
2025-08-08,South,Clothing,24,34.75,0.0,1303.02
2025-08-08,West,Grocery,27,6.46,0.05,258.95
2025-08-09,West,Furniture,8,182.27,0.2,1823.49
2025-08-09,North,Clothing,6,36.26,0.2,272.14
2025-08-10,North,Electronics,10,245.69,0.05,3650.41
2025-08-10,South,Clothing,10,33.5,0.1,471.66
2025-08-10,West,Clothing,1,33.26,0.1,46.84
2025-08-11,North,Clothing,14,42.74,0.2,749.23
2025-08-11,South,Electronics,3,254.98,0.1,1077.82
2025-08-12,South,Electronics,29,355.0,0.1,14509.56
2025-08-12,East,Clothing,10,40.04,0.2,501.74
2025-08-13,North,Clothing,6,36.89,0.05,329.45
2025-08-13,South,Furniture,3,209.1,0.2,786.47
2025-08-13,South,Grocery,10,8.91,,125.7
2025-08-14,North,Clothing,1,37.55,0.1,52.99
2025-08-14,West,Electronics,16,310.3,0.1,7008.02
2025-08-15,North,Grocery,23,8.42,0.05,288.62
2025-08-15,East,Electronics,11,352.41,0.2,4866.35
2025-08-15,North,Furniture,26,213.43,0.0,8709.88
2025-08-16,West,Grocery,12,8.74,0.2,131.73
2025-08-16,,Clothing,4,34.52,0.0,216.84
2025-08-17,South,Electronics,10,311.44,0.1,4402.83
2025-08-17,North,Clothing,10,33.29,0.1,470.74
2025-08-18,South,Furniture,5,175.02,0.0,1375.29
2025-08-18,West,Electronics,1,331.03,0.05,494.35
2025-08-18,North,Electronics,9,338.48,0.0,4789.98
2025-08-19,East,Clothing,13,37.77,0.05,733.64
2025-08-19,North,Electronics,22,273.99,0.2,7586.24
2025-08-20,North,Clothing,4,43.59,0.05,260.65
2025-08-20,West,Electronics,8,349.19,0.1,3957.26
2025-08-20,North,Grocery,17,9.05,,218.0
2025-08-21,East,Furniture,13,193.47,0.2,3168.6
2025-08-21,North,Electronics,20,284.05,0.05,8501.19
2025-08-22,South,Grocery,12,7.42,0.2,112.23
2025-08-22,South,Electronics,21,330.01,,8737.52
2025-08-23,North,Clothing,27,42.52,0.2,1447.8
2025-08-23,East,Furniture,4,145.12,0.05,869.53
2025-08-23,North,Electronics,20,300.97,0.05,9019.02
2025-08-24,South,Electronics,24,357.35,0.1,12177.0
2025-08-24,North,Grocery,14,7.34,0.0,162.15
2025-08-25,East,Furniture,25,213.32,0.0,8417.53
2025-08-25,North,Clothing,7,44.95,0.05,471.93
2025-08-25,North,Electronics,8,306.2,0.0,3868.37
2025-08-26,North,Clothing,4,34.58,0.1,196.64
2025-08-26,West,Furniture,29,179.21,0.0,8211.33
2025-08-27,North,Electronics,1,354.4,,504.08
2025-08-27,North,Furniture,10,144.02,0.05,2162.82
2025-08-28,South,Electronics,14,282.19,0.2,4997.39
2025-08-28,North,Furniture,8,169.01,,2031.51
2025-08-28,South,Furniture,29,202.13,0.05,8809.59
2025-08-29,North,Furniture,5,147.46,0.1,1050.03
2025-08-29,West,Electronics,3,269.76,0.05,1216.87
2025-08-30,North,Electronics,28,348.93,0.0,15467.82
2025-08-30,North,Grocery,3,8.84,0.1,37.8
2025-08-30,North,Furniture,29,164.26,,6790.86
2025-08-31,South,Grocery,9,8.89,0.05,120.43
2025-08-31,South,Clothing,23,46.77,0.0,1704.77
2025-09-01,East,Grocery,14,9.51,0.05,200.5
2025-09-01,West,Furniture,9,214.61,0.05,2909.42
2025-09-02,South,Electronics,4,304.62,0.2,1546.0
2025-09-02,East,Clothing,6,33.75,0.2,257.0
2025-09-02,South,Electronics,25,302.66,0.2,9605.16
2025-09-03,North,Grocery,24,6.92,0.05,250.42
2025-09-03,North,Grocery,15,8.13,,193.61
2025-09-04,West,Clothing,24,33.23,0.1,1139.81
2025-09-04,North,Grocery,21,8.65,0.05,274.1
2025-09-04,South,Grocery,21,6.6,0.0,220.21
2025-09-05,South,Clothing,19,36.48,0.1,991.35
2025-09-05,West,Grocery,1,9.14,0.1,13.08
2025-09-06,North,Grocery,28,6.73,0.0,299.62
2025-09-06,South,Clothing,3,35.31,0.2,134.78
2025-09-07,East,Electronics,11,283.91,0.2,3974.45
2025-09-07,North,Electronics,17,281.57,0.1,6854.9
2025-09-07,East,Furniture,23,202.54,0.0,7414.32
2025-09-08,South,Furniture,2,149.61,0.2,381.09
2025-09-08,North,Grocery,17,7.75,0.05,199.31
2025-09-09,West,Electronics,24,337.4,0.2,10318.25
2025-09-09,South,Furniture,2,200.78,0.05,607.78
2025-09-09,South,Grocery,29,9.33,0.2,344.94
2025-09-10,East,Furniture,7,145.89,0.0,1627.84
2025-09-10,,Electronics,29,359.07,0.05,15772.37
2025-09-11,North,Clothing,6,38.46,0.05,349.61
2025-09-11,North,Electronics,25,348.59,0.1,12511.57
2025-09-12,East,Electronics,29,358.76,0.05,15770.62
2025-09-12,East,Electronics,2,292.38,0.0,933.28
2025-09-12,South,Clothing,15,40.24,0.1,867.23
2025-09-13,South,Grocery,4,7.9,0.2,40.37
2025-09-13,West,Clothing,27,47.97,0.05,1965.24
2025-09-14,East,Grocery,29,8.0,0.0,370.64
2025-09-14,South,Grocery,6,8.54,0.2,65.51
2025-09-14,West,Clothing,16,38.86,0.2,795.06
2025-09-15,West,Electronics,12,326.64,0.05,5953.44
2025-09-15,East,Grocery,4,8.64,0.2,44.21
2025-09-16,North,Electronics,16,327.3,0.1,7539.11
2025-09-16,,Furniture,1,185.3,0.05,281.66
2024-02-07,North,Clothing,11,37.69,0.2,343.75
2024-02-01,North,Clothing,11,34.89,0.2,316.25
2025-06-10,East,Clothing,11,33.56,0.2,444.75
2024-05-17,North,Grocery,23,7.84,0.0,204.14
2025-07-16,South,Clothing,15,35.9,0.1,746.34
2024-11-18,North,Grocery,8,8.01,0.2,67.15
2025-03-08,East,Furniture,17,212.26,0.1,4596.87
2025-06-19,North,Furniture,14,167.65,0.0,3554.31
2025-04-30,South,Electronics,7,321.59,0.0,3300.86
2024-05-19,East,Grocery,8,9.48,0.05,81.71
2024-10-12,North,Electronics,26,335.26,0.2,8885.4
2024-03-16,South,Furniture,16,177.78,0.1,2745.5
2025-05-23,North,Furniture,10,146.38,0.0,2178.61
2024-02-12,South,Electronics,22,280.52,0.1,5778.84
2024-10-15,East,Grocery,18,8.84,0.05,193.03
2025-04-14,West,Grocery,3,8.63,0.2,30.05
2024-03-11,West,Grocery,7,8.48,0.1,57.04
2025-01-20,South,Electronics,28,349.61,0.0,13417.37
2025-06-23,North,Electronics,24,354.2,0.1,11616.44
2024-06-21,North,Clothing,21,41.17,0.1,907.05
2025-08-10,South,Clothing,10,33.5,0.1,471.66
2025-06-16,South,Electronics,17,264.29,0.0,6793.05
2025-09-02,South,Electronics,4,304.62,0.2,1546.0
2024-12-02,South,Clothing,23,43.89,0.2,1068.76
2024-02-12,West,Grocery,2,6.54,0.0,13.61
